; knob, hybrid: print slightly oversize, then finish the dome with the ball-nosed cutter
G28
M104 S210
M6 T0
M109 S210
G90
M83
G0 X38 Y0 Z5
M620              ; polar mode: the plate turns, the arm stays in its plane
; layer 1/22, z=0.300
G1 E-0.8 F1800
G0 X35.572 Y0.511 Z0.300
G1 E0.8 F1800
G1 X35.368 Y0.822 E0.0232 F900
G1 X34.790 Y1.544 E0.0576 F900
G1 X34.506 Y1.984 E0.0327 F900
G1 X34.302 Y2.487 E0.0339 F900
G1 X34.205 Y3.018 E0.0336 F900
G1 X34.179 Y3.961 E0.0588 F900
G1 X34.149 Y4.362 E0.0251 F900
G1 X34.076 Y4.675 E0.0200 F900
G1 X33.962 Y4.902 E0.0159 F900
G1 X33.804 Y5.074 E0.0146 F900
G1 X33.571 Y5.217 E0.0171 F900
G1 X33.250 Y5.331 E0.0213 F900
G1 X32.367 Y5.513 E0.0562 F900
G1 X31.876 Y5.640 E0.0316 F900
G1 X31.383 Y5.859 E0.0337 F900
G1 X30.946 Y6.177 E0.0337 F900
G1 X30.591 Y6.538 E0.0316 F900
G1 X29.992 Y7.212 E0.0562 F900
G1 X29.732 Y7.433 E0.0213 F900
G1 X29.492 Y7.563 E0.0170 F900
G1 X29.264 Y7.615 E0.0146 F900
G1 X29.010 Y7.599 E0.0159 F900
G1 X28.703 Y7.506 E0.0200 F900
G1 X28.341 Y7.332 E0.0251 F900
G1 X27.511 Y6.883 E0.0588 F900
G1 X27.003 Y6.701 E0.0337 F900
G1 X26.465 Y6.626 E0.0339 F900
G1 X25.941 Y6.652 E0.0327 F900
G1 X25.028 Y6.792 E0.0576 F900
G1 X24.656 Y6.813 E0.0232 F900
G1 X24.362 Y6.777 E0.0185 F900
G1 X24.139 Y6.688 E0.0150 F900
G1 X23.950 Y6.539 E0.0150 F900
G1 X23.771 Y6.302 E0.0185 F900
G1 X23.604 Y5.970 E0.0232 F900
G1 X23.268 Y5.109 E0.0576 F900
G1 X23.029 Y4.642 E0.0327 F900
G1 X22.695 Y4.214 E0.0339 F900
G1 X22.283 Y3.865 E0.0336 F900
G1 X21.480 Y3.371 E0.0588 F900
G1 X21.148 Y3.144 E0.0251 F900
G1 X20.914 Y2.924 E0.0200 F900
G1 X20.773 Y2.712 E0.0159 F900
G1 X20.704 Y2.489 E0.0146 F900
G1 X20.697 Y2.216 E0.0171 F900
G1 X20.758 Y1.881 E0.0213 F900
G1 X21.042 Y1.025 E0.0562 F900
G1 X21.177 Y0.537 E0.0316 F900
G1 X21.234 Y-0.000 E0.0337 F900
G1 X21.177 Y-0.537 E0.0337 F900
G1 X21.042 Y-1.025 E0.0316 F900
G1 X20.758 Y-1.881 E0.0562 F900
G1 X20.697 Y-2.216 E0.0213 F900
G1 X20.704 Y-2.489 E0.0170 F900
G1 X20.773 Y-2.712 E0.0146 F900
G1 X20.914 Y-2.925 E0.0159 F900
G1 X21.148 Y-3.144 E0.0200 F900
G1 X21.480 Y-3.371 E0.0251 F900
G1 X22.284 Y-3.865 E0.0588 F900
G1 X22.695 Y-4.214 E0.0337 F900
G1 X23.029 Y-4.643 E0.0339 F900
G1 X23.268 Y-5.109 E0.0327 F900
G1 X23.604 Y-5.970 E0.0576 F900
G1 X23.771 Y-6.302 E0.0232 F900
G1 X23.950 Y-6.539 E0.0185 F900
G1 X24.139 Y-6.688 E0.0150 F900
G1 X24.362 Y-6.777 E0.0150 F900
G1 X24.656 Y-6.813 E0.0185 F900
G1 X25.028 Y-6.792 E0.0232 F900
G1 X25.942 Y-6.652 E0.0576 F900
G1 X26.465 Y-6.626 E0.0327 F900
G1 X27.003 Y-6.701 E0.0339 F900
G1 X27.511 Y-6.883 E0.0336 F900
G1 X28.341 Y-7.332 E0.0588 F900
G1 X28.703 Y-7.506 E0.0251 F900
G1 X29.011 Y-7.599 E0.0200 F900
G1 X29.264 Y-7.615 E0.0159 F900
G1 X29.492 Y-7.563 E0.0146 F900
G1 X29.733 Y-7.433 E0.0171 F900
G1 X29.992 Y-7.212 E0.0213 F900
G1 X30.591 Y-6.538 E0.0562 F900
G1 X30.947 Y-6.177 E0.0316 F900
G1 X31.383 Y-5.859 E0.0337 F900
G1 X31.876 Y-5.640 E0.0337 F900
G1 X32.367 Y-5.513 E0.0316 F900
G1 X33.250 Y-5.331 E0.0562 F900
G1 X33.571 Y-5.217 E0.0213 F900
G1 X33.804 Y-5.074 E0.0170 F900
G1 X33.962 Y-4.902 E0.0146 F900
G1 X34.076 Y-4.675 E0.0159 F900
G1 X34.149 Y-4.362 E0.0200 F900
G1 X34.179 Y-3.961 E0.0251 F900
G1 X34.206 Y-3.018 E0.0588 F900
G1 X34.302 Y-2.487 E0.0337 F900
G1 X34.506 Y-1.983 E0.0339 F900
G1 X34.790 Y-1.543 E0.0327 F900
G1 X35.368 Y-0.822 E0.0576 F900
G1 X35.572 Y-0.511 E0.0232 F900
G1 X35.688 Y-0.238 E0.0185 F900
G1 X35.722 Y0.000 E0.0150 F900
G1 X35.688 Y0.238 E0.0150 F900
G1 X35.572 Y0.511 E0.0185 F900
G0 X36.015 Y0.748 Z0.300
G1 X35.773 Y1.116 E0.0275 F900
G1 X35.196 Y1.836 E0.0575 F900
G1 X34.951 Y2.215 E0.0281 F900
G1 X34.785 Y2.627 E0.0277 F900
G1 X34.704 Y3.070 E0.0281 F900
G1 X34.678 Y3.987 E0.0572 F900
G1 X34.644 Y4.438 E0.0282 F900
G1 X34.549 Y4.845 E0.0261 F900
G1 X34.378 Y5.189 E0.0240 F900
G1 X34.124 Y5.464 E0.0233 F900
G1 X33.788 Y5.670 E0.0246 F900
G1 X33.385 Y5.814 E0.0267 F900
G1 X32.480 Y6.000 E0.0576 F900
G1 X32.041 Y6.114 E0.0282 F900
G1 X31.634 Y6.295 E0.0278 F900
G1 X31.274 Y6.557 E0.0278 F900
G1 X30.956 Y6.880 E0.0282 F900
G1 X30.343 Y7.570 E0.0576 F900
G1 X30.016 Y7.848 E0.0267 F900
G1 X29.669 Y8.036 E0.0246 F900
G1 X29.305 Y8.118 E0.0233 F900
G1 X28.921 Y8.095 E0.0240 F900
G1 X28.521 Y7.973 E0.0261 F900
G1 X28.114 Y7.777 E0.0282 F900
G1 X27.306 Y7.341 E0.0572 F900
G1 X26.883 Y7.189 E0.0281 F900
G1 X26.443 Y7.128 E0.0277 F900
G1 X25.992 Y7.151 E0.0281 F900
G1 X25.080 Y7.290 E0.0575 F900
G1 X24.640 Y7.315 E0.0275 F900
G1 X24.237 Y7.265 E0.0253 F900
G1 X23.886 Y7.125 E0.0235 F900
G1 X23.590 Y6.892 E0.0235 F900
G1 X23.345 Y6.568 E0.0253 F900
G1 X23.147 Y6.174 E0.0275 F900
G1 X22.811 Y5.314 E0.0575 F900
G1 X22.606 Y4.912 E0.0281 F900
G1 X22.332 Y4.562 E0.0277 F900
G1 X21.989 Y4.271 E0.0281 F900
G1 X21.208 Y3.790 E0.0572 F900
G1 X20.835 Y3.535 E0.0282 F900
G1 X20.529 Y3.249 E0.0261 F900
G1 X20.317 Y2.929 E0.0240 F900
G1 X20.206 Y2.572 E0.0233 F900
G1 X20.195 Y2.178 E0.0246 F900
G1 X20.273 Y1.756 E0.0267 F900
G1 X20.564 Y0.879 E0.0576 F900
G1 X20.685 Y0.443 E0.0282 F900
G1 X20.731 Y-0.000 E0.0278 F900
G1 X20.684 Y-0.443 E0.0278 F900
G1 X20.564 Y-0.880 E0.0282 F900
G1 X20.272 Y-1.756 E0.0576 F900
G1 X20.195 Y-2.178 E0.0267 F900
G1 X20.206 Y-2.572 E0.0246 F900
G1 X20.317 Y-2.929 E0.0233 F900
G1 X20.529 Y-3.249 E0.0240 F900
G1 X20.835 Y-3.535 E0.0261 F900
G1 X21.208 Y-3.790 E0.0282 F900
G1 X21.989 Y-4.271 E0.0572 F900
G1 X22.333 Y-4.562 E0.0281 F900
G1 X22.606 Y-4.913 E0.0277 F900
G1 X22.811 Y-5.314 E0.0281 F900
G1 X23.147 Y-6.174 E0.0575 F900
G1 X23.345 Y-6.568 E0.0275 F900
G1 X23.590 Y-6.892 E0.0253 F900
G1 X23.886 Y-7.125 E0.0235 F900
G1 X24.237 Y-7.265 E0.0235 F900
G1 X24.640 Y-7.315 E0.0253 F900
G1 X25.080 Y-7.290 E0.0275 F900
G1 X25.992 Y-7.151 E0.0575 F900
G1 X26.443 Y-7.128 E0.0281 F900
G1 X26.883 Y-7.189 E0.0277 F900
G1 X27.307 Y-7.341 E0.0281 F900
G1 X28.114 Y-7.777 E0.0572 F900
G1 X28.521 Y-7.973 E0.0282 F900
G1 X28.921 Y-8.095 E0.0261 F900
G1 X29.305 Y-8.118 E0.0240 F900
G1 X29.670 Y-8.035 E0.0233 F900
G1 X30.017 Y-7.848 E0.0246 F900
G1 X30.343 Y-7.570 E0.0267 F900
G1 X30.957 Y-6.880 E0.0576 F900
G1 X31.274 Y-6.557 E0.0282 F900
G1 X31.634 Y-6.295 E0.0278 F900
G1 X32.042 Y-6.114 E0.0278 F900
G1 X32.480 Y-6.000 E0.0282 F900
G1 X33.385 Y-5.814 E0.0576 F900
G1 X33.788 Y-5.670 E0.0267 F900
G1 X34.124 Y-5.463 E0.0246 F900
G1 X34.378 Y-5.189 E0.0233 F900
G1 X34.549 Y-4.845 E0.0240 F900
G1 X34.644 Y-4.438 E0.0261 F900
G1 X34.678 Y-3.987 E0.0282 F900
G1 X34.704 Y-3.070 E0.0572 F900
G1 X34.785 Y-2.627 E0.0281 F900
G1 X34.952 Y-2.215 E0.0277 F900
G1 X35.197 Y-1.836 E0.0281 F900
G1 X35.773 Y-1.116 E0.0575 F900
G1 X36.015 Y-0.747 E0.0275 F900
G1 X36.173 Y-0.373 E0.0253 F900
G1 X36.227 Y0.000 E0.0235 F900
G1 X36.173 Y0.373 E0.0235 F900
G1 X36.015 Y0.748 E0.0253 F900
G0 X35.467 Y0.311 Z0.300
G1 X28.543 Y7.235 E0.6106 F900
G0 X28.080 Y6.992 Z0.300
G1 X35.442 Y-0.371 E0.6493 F900
G0 X35.163 Y-0.799 Z0.300
G1 X27.621 Y6.743 E0.6652 F900
G0 X27.105 Y6.552 Z0.300
G1 X34.848 Y-1.191 E0.6829 F900
G0 X34.547 Y-1.597 Z0.300
G1 X26.496 Y6.454 E0.7101 F900
G0 X25.736 Y6.507 Z0.300
G1 X34.291 Y-2.048 E0.7545 F900
G0 X34.108 Y-2.573 Z0.300
G1 X24.912 Y6.623 E0.8111 F900
G0 X24.275 Y6.553 Z0.300
G1 X34.025 Y-3.197 E0.8599 F900
G0 X34.006 Y-3.885 Z0.300
G1 X23.918 Y6.204 E0.8898 F900
G0 X23.694 Y5.720 Z0.300
G1 X33.933 Y-4.518 E0.9030 F900
G0 X33.662 Y-4.955 Z0.300
G1 X23.496 Y5.211 E0.8966 F900
G0 X23.270 Y4.730 Z0.300
G1 X33.169 Y-5.169 E0.8730 F900
G0 X32.583 Y-5.290 Z0.300
G1 X22.988 Y4.305 E0.8462 F900
G0 X22.644 Y3.942 Z0.300
G1 X32.010 Y-5.425 E0.8260 F900
G0 X31.496 Y-5.618 Z0.300
G1 X22.244 Y3.635 E0.8160 F900
G0 X21.806 Y3.366 Z0.300
G1 X31.054 Y-5.882 E0.8156 F900
G0 X30.671 Y-6.207 Z0.300
G1 X21.377 Y3.088 E0.8198 F900
G0 X21.008 Y2.750 Z0.300
G1 X30.328 Y-6.571 E0.8220 F900
G0 X29.995 Y-6.945 Z0.300
G1 X20.884 Y2.167 E0.8036 F900
G0 X21.181 Y1.162 Z0.300
G1 X29.632 Y-7.289 E0.7453 F900
G0 X29.063 Y-7.427 Z0.300
G1 X21.383 Y0.253 E0.6773 F900
G0 X21.364 Y-0.435 Z0.300
G1 X27.733 Y-6.804 E0.5617 F900
G0 X26.705 Y-6.483 Z0.300
G1 X21.229 Y-1.007 E0.4829 F900
G0 X21.055 Y-1.541 Z0.300
G1 X25.990 Y-6.475 E0.4352 F900
G0 X25.370 Y-6.563 Z0.300
G1 X20.898 Y-2.090 E0.3945 F900
G1 E-0.8 F1800
G0 X23.614 Y-5.513 Z0.300
G1 E0.8 F1800
G1 X24.734 Y-6.634 E0.0988 F900
G1 E-0.8 F1800
G0 X34.191 Y2.294 Z0.300
G1 E0.8 F1800
G1 X29.059 Y7.427 E0.4527 F900
G1 E-0.8 F1800
G0 X31.638 Y5.555 Z0.300
G1 E0.8 F1800
G1 X34.026 Y3.166 E0.2107 F900
G0 X34.006 Y3.894 Z0.300
G1 X32.616 Y5.283 E0.1225 F900
G0 X33.634 Y4.973 Z0.300
G1 X33.829 Y4.778 E0.0172 F900
; layer 2/22, z=0.600
G0 X33.947 Y4.916 Z0.600
G1 X33.783 Y5.084 E0.0147 F1200
G1 X33.543 Y5.226 E0.0174 F1200
G1 X33.213 Y5.340 E0.0217 F1200
G1 X32.326 Y5.523 E0.0565 F1200
G1 X31.834 Y5.658 E0.0318 F1200
G1 X31.345 Y5.886 E0.0337 F1200
G1 X30.915 Y6.208 E0.0335 F1200
G1 X30.566 Y6.568 E0.0313 F1200
G1 X29.968 Y7.232 E0.0557 F1200
G1 X29.710 Y7.443 E0.0207 F1200
G1 X29.472 Y7.565 E0.0167 F1200
G1 X29.243 Y7.611 E0.0145 F1200
G1 X28.985 Y7.590 E0.0162 F1200
G1 X28.673 Y7.491 E0.0204 F1200
G1 X28.305 Y7.312 E0.0255 F1200
G1 X27.470 Y6.867 E0.0590 F1200
G1 X26.957 Y6.693 E0.0338 F1200
G1 X26.419 Y6.628 E0.0338 F1200
G1 X25.902 Y6.659 E0.0324 F1200
G1 X24.994 Y6.793 E0.0572 F1200
G1 X24.631 Y6.809 E0.0227 F1200
G1 X24.343 Y6.767 E0.0181 F1200
G1 X24.124 Y6.673 E0.0149 F1200
G1 X23.936 Y6.518 E0.0152 F1200
G1 X23.757 Y6.274 E0.0189 F1200
G1 X23.590 Y5.934 E0.0236 F1200
G1 X23.249 Y5.070 E0.0579 F1200
G1 X23.002 Y4.605 E0.0329 F1200
G1 X22.660 Y4.183 E0.0338 F1200
G1 X22.248 Y3.843 E0.0333 F1200
G1 X21.451 Y3.350 E0.0585 F1200
G1 X21.128 Y3.124 E0.0246 F1200
G1 X20.903 Y2.905 E0.0196 F1200
G1 X20.770 Y2.692 E0.0156 F1200
G1 X20.705 Y2.466 E0.0147 F1200
G1 X20.703 Y2.187 E0.0174 F1200
G1 X20.769 Y1.845 E0.0217 F1200
G1 X21.054 Y0.985 E0.0565 F1200
G1 X21.183 Y0.491 E0.0318 F1200
G1 X21.230 Y-0.047 E0.0337 F1200
G1 X21.166 Y-0.580 E0.0335 F1200
G1 X21.029 Y-1.062 E0.0313 F1200
G1 X20.753 Y-1.912 E0.0557 F1200
G1 X20.699 Y-2.240 E0.0207 F1200
G1 X20.712 Y-2.508 E0.0167 F1200
G1 X20.787 Y-2.729 E0.0145 F1200
G1 X20.934 Y-2.942 E0.0162 F1200
G1 X21.177 Y-3.163 E0.0204 F1200
G1 X21.515 Y-3.391 E0.0255 F1200
G1 X22.318 Y-3.893 E0.0590 F1200
G1 X22.725 Y-4.250 E0.0338 F1200
G1 X23.051 Y-4.683 E0.0338 F1200
G1 X23.283 Y-5.147 E0.0324 F1200
G1 X23.620 Y-6.000 E0.0572 F1200
G1 X23.788 Y-6.322 E0.0227 F1200
G1 X23.968 Y-6.550 E0.0181 F1200
G1 X24.159 Y-6.693 E0.0149 F1200
G1 X24.387 Y-6.779 E0.0152 F1200
G1 X24.688 Y-6.811 E0.0189 F1200
G1 X25.066 Y-6.786 E0.0236 F1200
G1 X25.984 Y-6.650 E0.0579 F1200
G1 X26.511 Y-6.631 E0.0329 F1200
G1 X27.047 Y-6.716 E0.0338 F1200
G1 X27.548 Y-6.902 E0.0333 F1200
G1 X28.373 Y-7.347 E0.0585 F1200
G1 X28.730 Y-7.513 E0.0246 F1200
G1 X29.033 Y-7.599 E0.0196 F1200
G1 X29.284 Y-7.608 E0.0156 F1200
G1 X29.512 Y-7.550 E0.0147 F1200
G1 X29.755 Y-7.413 E0.0174 F1200
G1 X30.018 Y-7.185 E0.0217 F1200
G1 X30.620 Y-6.508 E0.0565 F1200
G1 X30.983 Y-6.149 E0.0318 F1200
G1 X31.425 Y-5.839 E0.0337 F1200
G1 X31.919 Y-5.629 E0.0335 F1200
G1 X32.405 Y-5.506 E0.0313 F1200
G1 X33.279 Y-5.320 E0.0557 F1200
G1 X33.591 Y-5.203 E0.0207 F1200
G1 X33.816 Y-5.057 E0.0167 F1200
G1 X33.970 Y-4.882 E0.0145 F1200
G1 X34.081 Y-4.648 E0.0162 F1200
G1 X34.151 Y-4.328 E0.0204 F1200
G1 X34.180 Y-3.920 E0.0255 F1200
G1 X34.212 Y-2.975 E0.0590 F1200
G1 X34.318 Y-2.443 E0.0338 F1200
G1 X34.530 Y-1.945 E0.0338 F1200
G1 X34.816 Y-1.512 E0.0324 F1200
G1 X35.386 Y-0.794 E0.0572 F1200
G1 X35.581 Y-0.487 E0.0227 F1200
G1 X35.689 Y-0.217 E0.0181 F1200
G1 X35.718 Y0.029 E0.0154 F1200
G1 X35.689 Y0.233 E0.0128 F1200
G1 X35.554 Y0.538 E0.0208 F1200
G1 X35.344 Y0.853 E0.0236 F1200
G1 X34.767 Y1.579 E0.0579 F1200
G1 X34.487 Y2.026 E0.0329 F1200
G1 X34.293 Y2.532 E0.0338 F1200
G1 X34.204 Y3.060 E0.0333 F1200
G1 X34.176 Y3.997 E0.0585 F1200
G1 X34.141 Y4.389 E0.0246 F1200
G1 X34.064 Y4.694 E0.0196 F1200
G1 X33.947 Y4.916 E0.0156 F1200
G0 X34.355 Y5.212 Z0.600
G1 X34.095 Y5.481 E0.0233 F960
G1 X33.753 Y5.682 E0.0247 F960
G1 X33.346 Y5.823 E0.0269 F960
G1 X32.443 Y6.010 E0.0575 F960
G1 X32.006 Y6.129 E0.0282 F960
G1 X31.603 Y6.317 E0.0278 F960
G1 X31.246 Y6.585 E0.0278 F960
G1 X30.931 Y6.910 E0.0282 F960
G1 X30.314 Y7.595 E0.0575 F960
G1 X29.986 Y7.864 E0.0264 F960
G1 X29.638 Y8.042 E0.0244 F960
G1 X29.272 Y8.115 E0.0233 F960
G1 X28.887 Y8.084 E0.0241 F960
G1 X28.486 Y7.956 E0.0262 F960
G1 X28.078 Y7.758 E0.0283 F960
G1 X27.271 Y7.328 E0.0570 F960
G1 X26.845 Y7.184 E0.0281 F960
G1 X26.404 Y7.130 E0.0277 F960
G1 X25.953 Y7.156 E0.0281 F960
G1 X25.042 Y7.292 E0.0575 F960
G1 X24.605 Y7.310 E0.0273 F960
G1 X24.207 Y7.252 E0.0251 F960
G1 X23.861 Y7.104 E0.0234 F960
G1 X23.569 Y6.864 E0.0236 F960
G1 X23.328 Y6.534 E0.0255 F960
G1 X23.132 Y6.136 E0.0276 F960
G1 X22.794 Y5.280 E0.0574 F960
G1 X22.583 Y4.882 E0.0281 F960
G1 X22.303 Y4.537 E0.0277 F960
G1 X21.956 Y4.250 E0.0281 F960
G1 X21.176 Y3.768 E0.0572 F960
G1 X20.808 Y3.510 E0.0280 F960
G1 X20.511 Y3.221 E0.0258 F960
G1 X20.308 Y2.898 E0.0238 F960
G1 X20.206 Y2.538 E0.0233 F960
G1 X20.202 Y2.141 E0.0247 F960
G1 X20.284 Y1.718 E0.0269 F960
G1 X20.574 Y0.843 E0.0575 F960
G1 X20.689 Y0.405 E0.0282 F960
G1 X20.728 Y-0.038 E0.0278 F960
G1 X20.674 Y-0.481 E0.0278 F960
G1 X20.551 Y-0.917 E0.0282 F960
G1 X20.266 Y-1.793 E0.0575 F960
G1 X20.197 Y-2.212 E0.0264 F960
G1 X20.217 Y-2.603 E0.0244 F960
G1 X20.336 Y-2.956 E0.0233 F960
G1 X20.556 Y-3.274 E0.0241 F960
G1 X20.867 Y-3.557 E0.0262 F960
G1 X21.243 Y-3.811 E0.0283 F960
G1 X22.018 Y-4.295 E0.0570 F960
G1 X22.356 Y-4.592 E0.0281 F960
G1 X22.624 Y-4.947 E0.0277 F960
G1 X22.826 Y-5.351 E0.0281 F960
G1 X23.164 Y-6.208 E0.0575 F960
G1 X23.367 Y-6.595 E0.0273 F960
G1 X23.616 Y-6.911 E0.0251 F960
G1 X23.917 Y-7.136 E0.0234 F960
G1 X24.271 Y-7.269 E0.0236 F960
G1 X24.677 Y-7.313 E0.0255 F960
G1 X25.120 Y-7.284 E0.0276 F960
G1 X26.030 Y-7.148 E0.0574 F960
G1 X26.481 Y-7.133 E0.0281 F960
G1 X26.919 Y-7.202 E0.0277 F960
G1 X27.341 Y-7.359 E0.0281 F960
G1 X28.149 Y-7.794 E0.0572 F960
G1 X28.556 Y-7.983 E0.0280 F960
G1 X28.955 Y-8.096 E0.0258 F960
G1 X29.336 Y-8.110 E0.0238 F960
G1 X29.699 Y-8.019 E0.0233 F960
G1 X30.044 Y-7.824 E0.0247 F960
G1 X30.370 Y-7.541 E0.0269 F960
G1 X30.983 Y-6.852 E0.0575 F960
G1 X31.305 Y-6.534 E0.0282 F960
G1 X31.669 Y-6.279 E0.0278 F960
G1 X32.080 Y-6.104 E0.0278 F960
G1 X32.519 Y-5.993 E0.0282 F960
G1 X33.420 Y-5.801 E0.0575 F960
G1 X33.817 Y-5.652 E0.0264 F960
G1 X34.146 Y-5.439 E0.0244 F960
G1 X34.392 Y-5.160 E0.0233 F960
G1 X34.557 Y-4.810 E0.0241 F960
G1 X34.647 Y-4.399 E0.0262 F960
G1 X34.679 Y-3.947 E0.0283 F960
G1 X34.711 Y-3.033 E0.0570 F960
G1 X34.799 Y-2.591 E0.0281 F960
G1 X34.972 Y-2.182 E0.0277 F960
G1 X35.221 Y-1.806 E0.0281 F960
G1 X35.794 Y-1.084 E0.0575 F960
G1 X36.029 Y-0.715 E0.0273 F960
G1 X36.177 Y-0.341 E0.0251 F960
G1 X36.222 Y0.035 E0.0236 F960
G1 X36.174 Y0.372 E0.0212 F960
G1 X35.994 Y0.779 E0.0278 F960
G1 X35.748 Y1.148 E0.0276 F960
G1 X35.176 Y1.868 E0.0574 F960
G1 X34.937 Y2.250 E0.0281 F960
G1 X34.777 Y2.665 E0.0277 F960
G1 X34.703 Y3.109 E0.0281 F960
G1 X34.675 Y4.026 E0.0572 F960
G1 X34.636 Y4.473 E0.0280 F960
G1 X34.534 Y4.875 E0.0258 F960
G1 X34.355 Y5.212 E0.0238 F960
G0 X33.661 Y4.953 Z0.600
G1 X23.496 Y-5.211 E0.8964 F1200
G0 X23.270 Y-4.730 Z0.600
G1 X33.170 Y5.170 E0.8731 F1200
G0 X32.584 Y5.291 Z0.600
G1 X22.986 Y-4.307 E0.8465 F1200
G0 X22.642 Y-3.944 Z0.600
G1 X32.013 Y5.427 E0.8265 F1200
G0 X31.499 Y5.621 Z0.600
G1 X22.240 Y-3.638 E0.8166 F1200
G0 X21.805 Y-3.366 Z0.600
G1 X31.056 Y5.884 E0.8158 F1200
G0 X30.672 Y6.207 Z0.600
G1 X21.377 Y-3.087 E0.8197 F1200
G0 X21.011 Y-2.746 Z0.600
G1 X30.328 Y6.571 E0.8217 F1200
G0 X29.993 Y6.943 Z0.600
G1 X20.889 Y-2.161 E0.8029 F1200
G0 X21.180 Y-1.163 Z0.600
G1 X29.628 Y7.285 E0.7450 F1200
G0 X29.056 Y7.420 Z0.600
G1 X21.381 Y-0.255 E0.6769 F1200
G0 X21.364 Y0.435 Z0.600
G1 X27.744 Y6.815 E0.5627 F1200
G0 X26.709 Y6.487 Z0.600
G1 X21.229 Y1.007 E0.4833 F1200
G0 X21.054 Y1.540 Z0.600
G1 X25.993 Y6.478 E0.4355 F1200
G0 X25.369 Y6.561 Z0.600
G1 X20.899 Y2.092 E0.3941 F1200
G1 E-0.8 F1800
G0 X23.611 Y5.510 Z0.600
G1 E0.8 F1800
G1 X24.730 Y6.630 E0.0987 F1200
G1 E-0.8 F1800
G0 X33.929 Y4.515 Z0.600
G1 E0.8 F1800
G1 X23.696 Y-5.718 E0.9024 F1200
G0 X23.921 Y-6.200 Z0.600
G1 X34.004 Y3.883 E0.8893 F1200
G0 X34.025 Y3.196 Z0.600
G1 X24.278 Y-6.551 E0.8596 F1200
G0 X24.915 Y-6.621 Z0.600
G1 X34.108 Y2.573 E0.8108 F1200
G0 X34.291 Y2.049 Z0.600
G1 X25.732 Y-6.510 E0.7548 F1200
G0 X26.493 Y-6.457 Z0.600
G1 X34.548 Y1.598 E0.7104 F1200
G0 X34.850 Y1.193 Z0.600
G1 X27.106 Y-6.551 E0.6830 F1200
G0 X27.621 Y-6.743 Z0.600
G1 X35.163 Y0.799 E0.6652 F1200
G0 X35.438 Y0.367 Z0.600
G1 X28.080 Y-6.991 E0.6489 F1200
G0 X28.545 Y-7.234 Z0.600
G1 X35.460 Y-0.318 E0.6099 F1200
G1 E-0.8 F1800
G0 X34.192 Y-2.293 Z0.600
G1 E0.8 F1800
G1 X29.061 Y-7.424 E0.4525 F1200
G1 E-0.8 F1800
G0 X31.631 Y-5.561 Z0.600
G1 E0.8 F1800
G1 X34.031 Y-3.162 E0.2116 F1200
G0 X34.005 Y-3.894 Z0.600
G1 X32.618 Y-5.282 E0.1224 F1200
G0 X33.652 Y-4.955 Z0.600
G1 X33.823 Y-4.783 E0.0151 F1200
; layer 3/22, z=0.900
G0 X33.978 Y-4.862 Z0.900
G1 X34.086 Y-4.621 E0.0165 F1200
G1 X34.153 Y-4.294 E0.0208 F1200
G1 X34.180 Y-3.889 E0.0253 F1200
G1 X34.188 Y-3.426 E0.0288 F1200
G1 X34.221 Y-2.922 E0.0315 F1200
G1 X34.335 Y-2.400 E0.0333 F1200
G1 X34.554 Y-1.907 E0.0337 F1200
G1 X34.841 Y-1.481 E0.0320 F1200
G1 X35.404 Y-0.765 E0.0568 F1200
G1 X35.590 Y-0.462 E0.0222 F1200
G1 X35.690 Y-0.196 E0.0177 F1200
G1 X35.714 Y0.057 E0.0159 F1200
G1 X35.689 Y0.228 E0.0107 F1200
G1 X35.536 Y0.565 E0.0231 F1200
G1 X35.320 Y0.883 E0.0240 F1200
G1 X34.743 Y1.615 E0.0581 F1200
G1 X34.469 Y2.069 E0.0331 F1200
G1 X34.284 Y2.578 E0.0338 F1200
G1 X34.202 Y3.101 E0.0330 F1200
G1 X34.173 Y4.032 E0.0581 F1200
G1 X34.134 Y4.416 E0.0241 F1200
G1 X34.053 Y4.713 E0.0192 F1200
G1 X33.932 Y4.929 E0.0154 F1200
G1 X33.763 Y5.095 E0.0148 F1200
G1 X33.515 Y5.235 E0.0178 F1200
G1 X33.177 Y5.348 E0.0222 F1200
G1 X32.285 Y5.534 E0.0568 F1200
G1 X31.791 Y5.676 E0.0320 F1200
G1 X31.306 Y5.913 E0.0337 F1200
G1 X30.884 Y6.240 E0.0333 F1200
G1 X30.534 Y6.604 E0.0315 F1200
G1 X30.231 Y6.953 E0.0288 F1200
G1 X29.950 Y7.246 E0.0253 F1200
G1 X29.689 Y7.453 E0.0208 F1200
G1 X29.451 Y7.568 E0.0164 F1200
G1 X29.221 Y7.608 E0.0146 F1200
G1 X28.959 Y7.581 E0.0165 F1200
G1 X28.642 Y7.476 E0.0208 F1200
G1 X28.278 Y7.296 E0.0253 F1200
G1 X27.873 Y7.072 E0.0288 F1200
G1 X27.420 Y6.849 E0.0315 F1200
G1 X26.911 Y6.686 E0.0333 F1200
G1 X26.374 Y6.630 E0.0337 F1200
G1 X25.862 Y6.665 E0.0320 F1200
G1 X24.961 Y6.795 E0.0568 F1200
G1 X24.605 Y6.805 E0.0222 F1200
G1 X24.325 Y6.758 E0.0177 F1200
G1 X24.109 Y6.659 E0.0148 F1200
G1 X23.922 Y6.497 E0.0154 F1200
G1 X23.743 Y6.245 E0.0192 F1200
G1 X23.575 Y5.897 E0.0241 F1200
G1 X23.230 Y5.032 E0.0581 F1200
G1 X22.974 Y4.568 E0.0331 F1200
G1 X22.626 Y4.153 E0.0338 F1200
G1 X22.213 Y3.821 E0.0330 F1200
G1 X21.422 Y3.330 E0.0581 F1200
G1 X21.109 Y3.104 E0.0241 F1200
G1 X20.892 Y2.885 E0.0192 F1200
G1 X20.765 Y2.673 E0.0154 F1200
G1 X20.706 Y2.443 E0.0148 F1200
G1 X20.709 Y2.158 E0.0178 F1200
G1 X20.780 Y1.809 E0.0222 F1200
G1 X21.065 Y0.944 E0.0568 F1200
G1 X21.189 Y0.446 E0.0320 F1200
G1 X21.226 Y-0.093 E0.0337 F1200
G1 X21.154 Y-0.623 E0.0333 F1200
G1 X21.014 Y-1.108 E0.0315 F1200
G1 X20.863 Y-1.545 E0.0288 F1200
G1 X20.750 Y-1.934 E0.0253 F1200
G1 X20.701 Y-2.264 E0.0208 F1200
G1 X20.720 Y-2.527 E0.0164 F1200
G1 X20.800 Y-2.746 E0.0146 F1200
G1 X20.955 Y-2.960 E0.0165 F1200
G1 X21.205 Y-3.182 E0.0208 F1200
G1 X21.542 Y-3.407 E0.0253 F1200
G1 X21.939 Y-3.646 E0.0288 F1200
G1 X22.359 Y-3.927 E0.0315 F1200
G1 X22.754 Y-4.286 E0.0333 F1200
G1 X23.072 Y-4.723 E0.0337 F1200
G1 X23.297 Y-5.184 E0.0320 F1200
G1 X23.635 Y-6.030 E0.0568 F1200
G1 X23.804 Y-6.342 E0.0222 F1200
G1 X23.985 Y-6.562 E0.0177 F1200
G1 X24.179 Y-6.699 E0.0148 F1200
G1 X24.413 Y-6.780 E0.0154 F1200
G1 X24.720 Y-6.809 E0.0192 F1200
G1 X25.105 Y-6.780 E0.0241 F1200
G1 X26.027 Y-6.647 E0.0581 F1200
G1 X26.557 Y-6.637 E0.0331 F1200
G1 X27.090 Y-6.731 E0.0338 F1200
G1 X27.585 Y-6.922 E0.0330 F1200
G1 X28.405 Y-7.362 E0.0581 F1200
G1 X28.757 Y-7.520 E0.0241 F1200
G1 X29.055 Y-7.598 E0.0192 F1200
G1 X29.303 Y-7.602 E0.0154 F1200
G1 X29.531 Y-7.538 E0.0148 F1200
G1 X29.777 Y-7.394 E0.0178 F1200
G1 X30.043 Y-7.157 E0.0222 F1200
G1 X30.650 Y-6.478 E0.0568 F1200
G1 X31.020 Y-6.121 E0.0320 F1200
G1 X31.467 Y-5.820 E0.0337 F1200
G1 X31.962 Y-5.617 E0.0333 F1200
G1 X32.453 Y-5.497 E0.0315 F1200
G1 X32.906 Y-5.408 E0.0288 F1200
G1 X33.300 Y-5.312 E0.0253 F1200
G1 X33.610 Y-5.189 E0.0208 F1200
G1 X33.828 Y-5.041 E0.0164 F1200
G1 X33.978 Y-4.862 E0.0146 F1200
G0 X34.406 Y-5.130 Z0.900
G1 X34.565 Y-4.775 E0.0242 F960
G1 X34.650 Y-4.361 E0.0264 F960
G1 X34.679 Y-3.909 E0.0282 F960
G1 X34.687 Y-3.447 E0.0288 F960
G1 X34.718 Y-2.992 E0.0284 F960
G1 X34.813 Y-2.556 E0.0278 F960
G1 X34.993 Y-2.150 E0.0277 F960
G1 X35.246 Y-1.775 E0.0282 F960
G1 X35.815 Y-1.052 E0.0574 F960
G1 X36.042 Y-0.683 E0.0270 F960
G1 X36.181 Y-0.309 E0.0249 F960
G1 X36.217 Y0.070 E0.0237 F960
G1 X36.174 Y0.370 E0.0189 F960
G1 X35.973 Y0.811 E0.0302 F960
G1 X35.723 Y1.179 E0.0277 F960
G1 X35.155 Y1.900 E0.0573 F960
G1 X34.922 Y2.286 E0.0281 F960
G1 X34.770 Y2.703 E0.0277 F960
G1 X34.701 Y3.148 E0.0281 F960
G1 X34.672 Y4.065 E0.0572 F960
G1 X34.627 Y4.508 E0.0278 F960
G1 X34.519 Y4.904 E0.0256 F960
G1 X34.333 Y5.236 E0.0237 F960
G1 X34.066 Y5.498 E0.0234 F960
G1 X33.719 Y5.695 E0.0249 F960
G1 X33.307 Y5.831 E0.0270 F960
G1 X32.405 Y6.019 E0.0574 F960
G1 X31.972 Y6.144 E0.0282 F960
G1 X31.572 Y6.339 E0.0277 F960
G1 X31.219 Y6.613 E0.0278 F960
G1 X30.903 Y6.942 E0.0284 F960
G1 X30.600 Y7.290 E0.0288 F960
G1 X30.288 Y7.617 E0.0282 F960
G1 X29.956 Y7.879 E0.0264 F960
G1 X29.606 Y8.048 E0.0242 F960
G1 X29.240 Y8.113 E0.0232 F960
G1 X28.853 Y8.073 E0.0242 F960
G1 X28.452 Y7.939 E0.0264 F960
G1 X28.046 Y7.739 E0.0282 F960
G1 X27.642 Y7.515 E0.0288 F960
G1 X27.233 Y7.314 E0.0284 F960
G1 X26.807 Y7.178 E0.0278 F960
G1 X26.365 Y7.131 E0.0277 F960
G1 X25.915 Y7.162 E0.0282 F960
G1 X25.003 Y7.294 E0.0574 F960
G1 X24.570 Y7.306 E0.0270 F960
G1 X24.177 Y7.240 E0.0249 F960
G1 X23.836 Y7.084 E0.0233 F960
G1 X23.549 Y6.836 E0.0237 F960
G1 X23.311 Y6.500 E0.0256 F960
G1 X23.118 Y6.099 E0.0278 F960
G1 X22.777 Y5.246 E0.0573 F960
G1 X22.560 Y4.852 E0.0281 F960
G1 X22.274 Y4.512 E0.0277 F960
G1 X21.924 Y4.229 E0.0281 F960
G1 X21.143 Y3.746 E0.0572 F960
G1 X20.782 Y3.486 E0.0278 F960
G1 X20.494 Y3.193 E0.0256 F960
G1 X20.299 Y2.867 E0.0237 F960
G1 X20.206 Y2.504 E0.0234 F960
G1 X20.209 Y2.105 E0.0249 F960
G1 X20.296 Y1.681 E0.0270 F960
G1 X20.584 Y0.806 E0.0574 F960
G1 X20.693 Y0.367 E0.0282 F960
G1 X20.724 Y-0.076 E0.0277 F960
G1 X20.664 Y-0.519 E0.0278 F960
G1 X20.537 Y-0.957 E0.0284 F960
G1 X20.386 Y-1.393 E0.0288 F960
G1 X20.260 Y-1.827 E0.0282 F960
G1 X20.198 Y-2.246 E0.0264 F960
G1 X20.227 Y-2.633 E0.0242 F960
G1 X20.354 Y-2.983 E0.0232 F960
G1 X20.582 Y-3.298 E0.0242 F960
G1 X20.898 Y-3.579 E0.0264 F960
G1 X21.275 Y-3.830 E0.0282 F960
G1 X21.671 Y-4.068 E0.0288 F960
G1 X22.050 Y-4.322 E0.0284 F960
G1 X22.380 Y-4.622 E0.0278 F960
G1 X22.642 Y-4.982 E0.0277 F960
G1 X22.840 Y-5.387 E0.0282 F960
G1 X23.182 Y-6.242 E0.0574 F960
G1 X23.388 Y-6.623 E0.0270 F960
G1 X23.642 Y-6.931 E0.0249 F960
G1 X23.947 Y-7.148 E0.0233 F960
G1 X24.306 Y-7.273 E0.0237 F960
G1 X24.715 Y-7.311 E0.0256 F960
G1 X25.159 Y-7.278 E0.0278 F960
G1 X26.068 Y-7.146 E0.0573 F960
G1 X26.518 Y-7.138 E0.0281 F960
G1 X26.956 Y-7.215 E0.0277 F960
G1 X27.376 Y-7.377 E0.0281 F960
G1 X28.184 Y-7.811 E0.0572 F960
G1 X28.590 Y-7.993 E0.0278 F960
G1 X28.988 Y-8.097 E0.0256 F960
G1 X29.368 Y-8.102 E0.0237 F960
G1 X29.728 Y-8.002 E0.0234 F960
G1 X30.072 Y-7.800 E0.0249 F960
G1 X30.396 Y-7.512 E0.0270 F960
G1 X31.010 Y-6.825 E0.0574 F960
G1 X31.335 Y-6.512 E0.0282 F960
G1 X31.704 Y-6.263 E0.0277 F960
G1 X32.117 Y-6.094 E0.0278 F960
G1 X32.560 Y-5.985 E0.0284 F960
G1 X33.014 Y-5.897 E0.0288 F960
G1 X33.453 Y-5.789 E0.0282 F960
G1 X33.846 Y-5.634 E0.0264 F960
G1 X34.167 Y-5.415 E0.0242 F960
G1 X34.406 Y-5.130 E0.0232 F960
G0 X33.929 Y-4.515 Z0.900
G1 X23.693 Y5.721 E0.9028 F1800
G1 E-0.8 F1800
G0 X22.643 Y3.942 Z0.900
G1 E0.8 F1800
G1 X32.011 Y-5.425 E0.8262 F1800
G1 E-0.8 F1800
G0 X30.330 Y-6.573 Z0.900
G1 E0.8 F1800
G1 X21.012 Y2.745 E0.8218 F1800
G1 E-0.8 F1800
G0 X21.357 Y-0.428 Z0.900
G1 E0.8 F1800
G1 X27.730 Y-6.801 E0.5620 F1800
G1 E-0.8 F1800
G0 X24.733 Y-6.632 Z0.900
G1 E0.8 F1800
G1 X23.619 Y-5.519 E0.0982 F1800
G1 E-0.8 F1800
G0 X34.297 Y-2.054 Z0.900
G1 E0.8 F1800
G1 X25.736 Y6.506 E0.7550 F1800
G1 E-0.8 F1800
G0 X28.083 Y6.988 Z0.900
G1 E0.8 F1800
G1 X35.439 Y-0.368 E0.6487 F1800
G1 E-0.8 F1800
G0 X34.002 Y3.897 Z0.900
G1 E0.8 F1800
G1 X32.613 Y5.287 E0.1225 F1800
; layer 4/22, z=1.200
G0 X32.244 Y5.544 Z1.200
G1 X31.749 Y5.694 E0.0323 F1200
G1 X31.268 Y5.939 E0.0337 F1200
G1 X30.846 Y6.276 E0.0337 F1200
G1 X30.211 Y6.974 E0.0588 F1200
G1 X29.927 Y7.265 E0.0254 F1200
G1 X29.667 Y7.464 E0.0204 F1200
G1 X29.432 Y7.571 E0.0162 F1200
G1 X29.200 Y7.606 E0.0146 F1200
G1 X28.933 Y7.573 E0.0168 F1200
G1 X28.619 Y7.463 E0.0208 F1200
G1 X27.829 Y7.049 E0.0556 F1200
G1 X27.377 Y6.833 E0.0312 F1200
G1 X26.865 Y6.679 E0.0334 F1200
G1 X26.329 Y6.631 E0.0335 F1200
G1 X25.822 Y6.671 E0.0317 F1200
G1 X24.927 Y6.796 E0.0563 F1200
G1 X24.580 Y6.801 E0.0217 F1200
G1 X24.306 Y6.749 E0.0174 F1200
G1 X24.094 Y6.645 E0.0147 F1200
G1 X23.907 Y6.477 E0.0157 F1200
G1 X23.729 Y6.217 E0.0196 F1200
G1 X23.561 Y5.861 E0.0245 F1200
G1 X23.211 Y4.993 E0.0583 F1200
G1 X22.946 Y4.531 E0.0333 F1200
G1 X22.591 Y4.123 E0.0337 F1200
G1 X22.178 Y3.798 E0.0328 F1200
G1 X21.392 Y3.310 E0.0577 F1200
G1 X21.089 Y3.085 E0.0236 F1200
G1 X20.881 Y2.866 E0.0188 F1200
G1 X20.761 Y2.653 E0.0152 F1200
G1 X20.706 Y2.420 E0.0149 F1200
G1 X20.714 Y2.129 E0.0181 F1200
G1 X20.791 Y1.774 E0.0227 F1200
G1 X21.077 Y0.904 E0.0571 F1200
G1 X21.194 Y0.400 E0.0323 F1200
G1 X21.222 Y-0.139 E0.0337 F1200
G1 X21.141 Y-0.673 E0.0337 F1200
G1 X20.854 Y-1.572 E0.0588 F1200
G1 X20.745 Y-1.964 E0.0254 F1200
G1 X20.703 Y-2.288 E0.0204 F1200
G1 X20.728 Y-2.546 E0.0162 F1200
G1 X20.813 Y-2.764 E0.0146 F1200
G1 X20.975 Y-2.979 E0.0168 F1200
G1 X21.227 Y-3.196 E0.0208 F1200
G1 X21.981 Y-3.673 E0.0556 F1200
G1 X22.394 Y-3.956 E0.0312 F1200
G1 X22.784 Y-4.323 E0.0334 F1200
G1 X23.093 Y-4.763 E0.0335 F1200
G1 X23.312 Y-5.222 E0.0317 F1200
G1 X23.651 Y-6.059 E0.0563 F1200
G1 X23.821 Y-6.362 E0.0217 F1200
G1 X24.003 Y-6.573 E0.0174 F1200
G1 X24.198 Y-6.705 E0.0147 F1200
G1 X24.438 Y-6.783 E0.0157 F1200
G1 X24.752 Y-6.807 E0.0196 F1200
G1 X25.144 Y-6.775 E0.0245 F1200
G1 X26.070 Y-6.644 E0.0583 F1200
G1 X26.603 Y-6.642 E0.0333 F1200
G1 X27.134 Y-6.746 E0.0337 F1200
G1 X27.621 Y-6.941 E0.0328 F1200
G1 X28.437 Y-7.377 E0.0577 F1200
G1 X28.784 Y-7.528 E0.0236 F1200
G1 X29.077 Y-7.598 E0.0188 F1200
G1 X29.322 Y-7.596 E0.0152 F1200
G1 X29.551 Y-7.526 E0.0149 F1200
G1 X29.799 Y-7.374 E0.0181 F1200
G1 X30.068 Y-7.130 E0.0227 F1200
G1 X30.679 Y-6.448 E0.0571 F1200
G1 X31.057 Y-6.094 E0.0323 F1200
G1 X31.509 Y-5.800 E0.0337 F1200
G1 X32.012 Y-5.603 E0.0337 F1200
G1 X32.934 Y-5.402 E0.0588 F1200
G1 X33.328 Y-5.301 E0.0254 F1200
G1 X33.630 Y-5.176 E0.0204 F1200
G1 X33.841 Y-5.025 E0.0162 F1200
G1 X33.987 Y-4.842 E0.0146 F1200
G1 X34.092 Y-4.594 E0.0168 F1200
G1 X34.154 Y-4.267 E0.0208 F1200
G1 X34.190 Y-3.376 E0.0556 F1200
G1 X34.229 Y-2.877 E0.0312 F1200
G1 X34.352 Y-2.356 E0.0334 F1200
G1 X34.579 Y-1.868 E0.0335 F1200
G1 X34.866 Y-1.449 E0.0317 F1200
G1 X35.422 Y-0.737 E0.0563 F1200
G1 X35.600 Y-0.438 E0.0217 F1200
G1 X35.691 Y-0.175 E0.0174 F1200
G1 X35.710 Y0.086 E0.0163 F1200
G1 X35.690 Y0.224 E0.0087 F1200
G1 X35.517 Y0.593 E0.0254 F1200
G1 X35.295 Y0.914 E0.0243 F1200
G1 X34.719 Y1.651 E0.0583 F1200
G1 X34.451 Y2.112 E0.0333 F1200
G1 X34.275 Y2.623 E0.0337 F1200
G1 X34.200 Y3.143 E0.0328 F1200
G1 X34.170 Y4.067 E0.0577 F1200
G1 X34.127 Y4.443 E0.0236 F1200
G1 X34.042 Y4.732 E0.0188 F1200
G1 X33.917 Y4.943 E0.0152 F1200
G1 X33.742 Y5.106 E0.0149 F1200
G1 X33.487 Y5.245 E0.0181 F1200
G1 X33.140 Y5.356 E0.0227 F1200
G1 X32.244 Y5.544 E0.0571 F1200
G0 X32.368 Y6.029 Z1.200
G1 X31.937 Y6.160 E0.0281 F960
G1 X31.541 Y6.362 E0.0277 F960
G1 X31.189 Y6.642 E0.0280 F960
G1 X30.575 Y7.317 E0.0569 F960
G1 X30.259 Y7.641 E0.0282 F960
G1 X29.926 Y7.895 E0.0262 F960
G1 X29.575 Y8.055 E0.0240 F960
G1 X29.207 Y8.110 E0.0232 F960
G1 X28.819 Y8.063 E0.0244 F960
G1 X28.419 Y7.923 E0.0264 F960
G1 X27.605 Y7.496 E0.0574 F960
G1 X27.197 Y7.301 E0.0282 F960
G1 X26.770 Y7.172 E0.0278 F960
G1 X26.326 Y7.133 E0.0278 F960
G1 X25.876 Y7.168 E0.0282 F960
G1 X24.965 Y7.296 E0.0574 F960
G1 X24.536 Y7.301 E0.0268 F960
G1 X24.147 Y7.227 E0.0247 F960
G1 X23.811 Y7.064 E0.0233 F960
G1 X23.528 Y6.808 E0.0238 F960
G1 X23.294 Y6.466 E0.0258 F960
G1 X23.103 Y6.062 E0.0279 F960
G1 X22.760 Y5.212 E0.0571 F960
G1 X22.536 Y4.822 E0.0281 F960
G1 X22.245 Y4.487 E0.0277 F960
G1 X21.891 Y4.208 E0.0281 F960
G1 X21.111 Y3.724 E0.0573 F960
G1 X20.756 Y3.461 E0.0275 F960
G1 X20.476 Y3.166 E0.0254 F960
G1 X20.290 Y2.836 E0.0236 F960
G1 X20.205 Y2.471 E0.0234 F960
G1 X20.216 Y2.069 E0.0251 F960
G1 X20.308 Y1.643 E0.0272 F960
G1 X20.595 Y0.769 E0.0574 F960
G1 X20.697 Y0.329 E0.0281 F960
G1 X20.720 Y-0.114 E0.0277 F960
G1 X20.653 Y-0.559 E0.0280 F960
G1 X20.375 Y-1.428 E0.0569 F960
G1 X20.253 Y-1.864 E0.0282 F960
G1 X20.200 Y-2.280 E0.0262 F960
G1 X20.237 Y-2.663 E0.0240 F960
G1 X20.373 Y-3.010 E0.0232 F960
G1 X20.608 Y-3.322 E0.0244 F960
G1 X20.929 Y-3.599 E0.0264 F960
G1 X21.706 Y-4.090 E0.0574 F960
G1 X22.079 Y-4.346 E0.0282 F960
G1 X22.404 Y-4.652 E0.0278 F960
G1 X22.659 Y-5.016 E0.0278 F960
G1 X22.854 Y-5.424 E0.0282 F960
G1 X23.199 Y-6.276 E0.0574 F960
G1 X23.409 Y-6.651 E0.0268 F960
G1 X23.668 Y-6.951 E0.0247 F960
G1 X23.977 Y-7.159 E0.0233 F960
G1 X24.340 Y-7.277 E0.0238 F960
G1 X24.753 Y-7.308 E0.0258 F960
G1 X25.199 Y-7.272 E0.0279 F960
G1 X26.106 Y-7.144 E0.0571 F960
G1 X26.556 Y-7.143 E0.0281 F960
G1 X26.992 Y-7.228 E0.0277 F960
G1 X27.410 Y-7.395 E0.0281 F960
G1 X28.220 Y-7.828 E0.0573 F960
G1 X28.625 Y-8.004 E0.0275 F960
G1 X29.021 Y-8.099 E0.0254 F960
G1 X29.399 Y-8.095 E0.0236 F960
G1 X29.758 Y-7.986 E0.0234 F960
G1 X30.100 Y-7.776 E0.0251 F960
G1 X30.423 Y-7.483 E0.0272 F960
G1 X31.037 Y-6.798 E0.0574 F960
G1 X31.366 Y-6.489 E0.0281 F960
G1 X31.739 Y-6.247 E0.0277 F960
G1 X32.158 Y-6.083 E0.0280 F960
G1 X33.049 Y-5.889 E0.0569 F960
G1 X33.487 Y-5.777 E0.0282 F960
G1 X33.874 Y-5.616 E0.0262 F960
G1 X34.188 Y-5.392 E0.0240 F960
G1 X34.420 Y-5.100 E0.0232 F960
G1 X34.573 Y-4.740 E0.0244 F960
G1 X34.652 Y-4.325 E0.0264 F960
G1 X34.689 Y-3.406 E0.0574 F960
G1 X34.725 Y-2.955 E0.0282 F960
G1 X34.827 Y-2.521 E0.0278 F960
G1 X35.014 Y-2.117 E0.0278 F960
G1 X35.270 Y-1.745 E0.0282 F960
G1 X35.836 Y-1.020 E0.0574 F960
G1 X36.055 Y-0.650 E0.0268 F960
G1 X36.186 Y-0.277 E0.0247 F960
G1 X36.212 Y0.104 E0.0238 F960
G1 X36.174 Y0.369 E0.0167 F960
G1 X35.952 Y0.843 E0.0327 F960
G1 X35.698 Y1.210 E0.0278 F960
G1 X35.134 Y1.932 E0.0571 F960
G1 X34.908 Y2.321 E0.0281 F960
G1 X34.763 Y2.741 E0.0277 F960
G1 X34.699 Y3.187 E0.0281 F960
G1 X34.669 Y4.104 E0.0573 F960
G1 X34.619 Y4.543 E0.0275 F960
G1 X34.504 Y4.934 E0.0254 F960
G1 X34.311 Y5.259 E0.0236 F960
G1 X34.037 Y5.515 E0.0234 F960
G1 X33.684 Y5.707 E0.0251 F960
G1 X33.269 Y5.840 E0.0272 F960
G1 X32.368 Y6.029 E0.0574 F960
G0 X32.016 Y5.430 Z1.200
G1 X22.639 Y-3.947 E0.8270 F1800
G1 E-0.8 F1800
G0 X21.016 Y-2.742 Z1.200
G1 E0.8 F1800
G1 X30.335 Y6.578 E0.8219 F1800
G1 E-0.8 F1800
G0 X27.743 Y6.814 Z1.200
G1 E0.8 F1800
G1 X21.366 Y0.437 E0.5624 F1800
G1 E-0.8 F1800
G0 X23.606 Y5.506 Z1.200
G1 E0.8 F1800
G1 X24.724 Y6.624 E0.0986 F1800
G1 E-0.8 F1800
G0 X33.925 Y4.511 Z1.200
G1 E0.8 F1800
G1 X23.700 Y-5.714 E0.9018 F1800
G1 E-0.8 F1800
G0 X25.727 Y-6.516 Z1.200
G1 E0.8 F1800
G1 X34.288 Y2.046 E0.7551 F1800
G1 E-0.8 F1800
G0 X35.432 Y0.361 Z1.200
G1 E0.8 F1800
G1 X28.082 Y-6.989 E0.6482 F1800
G1 E-0.8 F1800
G0 X32.605 Y-5.295 Z1.200
G1 E0.8 F1800
G1 X33.994 Y-3.906 E0.1225 F1800
; layer 5/22, z=1.500
G0 X34.147 Y-4.369 Z1.500
G1 X34.234 Y-2.844 E0.0952 F1200
G1 X34.369 Y-2.313 E0.0342 F1200
G1 X34.610 Y-1.816 E0.0344 F1200
G1 X35.363 Y-0.829 E0.0774 F1200
G1 X35.572 Y-0.511 E0.0237 F1200
G1 X35.688 Y-0.238 E0.0185 F1200
G1 X35.722 Y0.000 E0.0150 F1200
G1 X35.688 Y0.238 E0.0150 F1200
G1 X35.572 Y0.511 E0.0185 F1200
G1 X35.365 Y0.826 E0.0235 F1200
G1 X34.696 Y1.686 E0.0680 F1200
G1 X34.433 Y2.155 E0.0335 F1200
G1 X34.272 Y2.651 E0.0325 F1200
G1 X34.207 Y3.012 E0.0229 F1200
G1 X34.146 Y4.373 E0.0850 F1200
G1 X34.076 Y4.675 E0.0193 F1200
G1 X33.962 Y4.902 E0.0159 F1200
G1 X33.804 Y5.074 E0.0146 F1200
G1 X33.571 Y5.217 E0.0170 F1200
G1 X33.247 Y5.332 E0.0214 F1200
G1 X32.203 Y5.555 E0.0666 F1200
G1 X31.707 Y5.712 E0.0325 F1200
G1 X31.231 Y5.966 E0.0337 F1200
G1 X30.817 Y6.306 E0.0334 F1200
G1 X29.996 Y7.209 E0.0761 F1200
G1 X29.732 Y7.433 E0.0215 F1200
G1 X29.492 Y7.563 E0.0170 F1200
G1 X29.264 Y7.615 E0.0146 F1200
G1 X29.010 Y7.599 E0.0159 F1200
G1 X28.710 Y7.508 E0.0196 F1200
G1 X27.346 Y6.821 E0.0952 F1200
G1 X26.819 Y6.672 E0.0342 F1200
G1 X26.268 Y6.632 E0.0344 F1200
G1 X25.036 Y6.792 E0.0774 F1200
G1 X24.656 Y6.813 E0.0237 F1200
G1 X24.362 Y6.777 E0.0185 F1200
G1 X24.139 Y6.688 E0.0150 F1200
G1 X23.950 Y6.539 E0.0150 F1200
G1 X23.771 Y6.302 E0.0185 F1200
G1 X23.602 Y5.965 E0.0235 F1200
G1 X23.192 Y4.956 E0.0680 F1200
G1 X22.918 Y4.494 E0.0335 F1200
G1 X22.568 Y4.107 E0.0325 F1200
G1 X22.288 Y3.869 E0.0229 F1200
G1 X21.140 Y3.136 E0.0850 F1200
G1 X20.914 Y2.924 E0.0193 F1200
G1 X20.773 Y2.712 E0.0159 F1200
G1 X20.704 Y2.489 E0.0146 F1200
G1 X20.697 Y2.216 E0.0171 F1200
G1 X20.758 Y1.878 E0.0214 F1200
G1 X21.088 Y0.863 E0.0666 F1200
G1 X21.200 Y0.354 E0.0325 F1200
G1 X21.218 Y-0.185 E0.0337 F1200
G1 X21.130 Y-0.713 E0.0334 F1200
G1 X20.759 Y-1.876 E0.0761 F1200
G1 X20.697 Y-2.216 E0.0215 F1200
G1 X20.704 Y-2.489 E0.0171 F1200
G1 X20.773 Y-2.712 E0.0146 F1200
G1 X20.914 Y-2.924 E0.0159 F1200
G1 X21.143 Y-3.139 E0.0196 F1200
G1 X22.420 Y-3.976 E0.0952 F1200
G1 X22.813 Y-4.359 E0.0342 F1200
G1 X23.122 Y-4.816 E0.0344 F1200
G1 X23.600 Y-5.962 E0.0774 F1200
G1 X23.771 Y-6.302 E0.0237 F1200
G1 X23.950 Y-6.539 E0.0185 F1200
G1 X24.139 Y-6.688 E0.0150 F1200
G1 X24.362 Y-6.777 E0.0150 F1200
G1 X24.656 Y-6.813 E0.0185 F1200
G1 X25.033 Y-6.792 E0.0235 F1200
G1 X26.112 Y-6.642 E0.0680 F1200
G1 X26.650 Y-6.648 E0.0335 F1200
G1 X27.159 Y-6.757 E0.0325 F1200
G1 X27.505 Y-6.881 E0.0229 F1200
G1 X28.714 Y-7.509 E0.0850 F1200
G1 X29.010 Y-7.599 E0.0193 F1200
G1 X29.264 Y-7.615 E0.0159 F1200
G1 X29.492 Y-7.563 E0.0146 F1200
G1 X29.732 Y-7.433 E0.0170 F1200
G1 X29.994 Y-7.210 E0.0214 F1200
G1 X30.709 Y-6.417 E0.0666 F1200
G1 X31.094 Y-6.066 E0.0325 F1200
G1 X31.552 Y-5.781 E0.0337 F1200
G1 X32.053 Y-5.593 E0.0334 F1200
G1 X33.246 Y-5.333 E0.0761 F1200
G1 X33.571 Y-5.217 E0.0215 F1200
G1 X33.804 Y-5.074 E0.0170 F1200
G1 X33.962 Y-4.902 E0.0146 F1200
G1 X34.076 Y-4.675 E0.0159 F1200
G1 X34.147 Y-4.369 E0.0196 F1200
G0 X34.644 Y-4.440 Z1.500
G1 X34.730 Y-2.921 E0.0949 F960
G1 X34.841 Y-2.485 E0.0280 F960
G1 X35.038 Y-2.080 E0.0281 F960
G1 X35.772 Y-1.119 E0.0754 F960
G1 X36.015 Y-0.747 E0.0277 F960
G1 X36.173 Y-0.373 E0.0253 F960
G1 X36.227 Y0.000 E0.0235 F960
G1 X36.173 Y0.373 E0.0235 F960
G1 X36.015 Y0.747 E0.0253 F960
G1 X35.772 Y1.118 E0.0276 F960
G1 X35.113 Y1.963 E0.0669 F960
G1 X34.893 Y2.356 E0.0281 F960
G1 X34.758 Y2.773 E0.0273 F960
G1 X34.705 Y3.068 E0.0187 F960
G1 X34.643 Y4.442 E0.0858 F960
G1 X34.549 Y4.845 E0.0258 F960
G1 X34.378 Y5.189 E0.0240 F960
G1 X34.124 Y5.464 E0.0233 F960
G1 X33.788 Y5.670 E0.0246 F960
G1 X33.384 Y5.814 E0.0268 F960
G1 X32.331 Y6.039 E0.0671 F960
G1 X31.902 Y6.175 E0.0281 F960
G1 X31.510 Y6.384 E0.0277 F960
G1 X31.163 Y6.670 E0.0280 F960
G1 X30.344 Y7.569 E0.0759 F960
G1 X30.016 Y7.848 E0.0268 F960
G1 X29.669 Y8.035 E0.0246 F960
G1 X29.305 Y8.118 E0.0233 F960
G1 X28.921 Y8.095 E0.0240 F960
G1 X28.523 Y7.974 E0.0259 F960
G1 X27.164 Y7.289 E0.0949 F960
G1 X26.732 Y7.167 E0.0280 F960
G1 X26.282 Y7.135 E0.0281 F960
G1 X25.083 Y7.290 E0.0754 F960
G1 X24.640 Y7.315 E0.0277 F960
G1 X24.237 Y7.265 E0.0253 F960
G1 X23.886 Y7.125 E0.0235 F960
G1 X23.590 Y6.892 E0.0235 F960
G1 X23.345 Y6.568 E0.0253 F960
G1 X23.146 Y6.172 E0.0276 F960
G1 X22.743 Y5.179 E0.0669 F960
G1 X22.513 Y4.792 E0.0281 F960
G1 X22.220 Y4.466 E0.0273 F960
G1 X21.991 Y4.272 E0.0187 F960
G1 X20.832 Y3.533 E0.0858 F960
G1 X20.529 Y3.249 E0.0258 F960
G1 X20.317 Y2.929 E0.0240 F960
G1 X20.206 Y2.572 E0.0233 F960
G1 X20.195 Y2.178 E0.0246 F960
G1 X20.273 Y1.755 E0.0268 F960
G1 X20.605 Y0.731 E0.0671 F960
G1 X20.702 Y0.292 E0.0281 F960
G1 X20.716 Y-0.152 E0.0277 F960
G1 X20.643 Y-0.596 E0.0280 F960
G1 X20.273 Y-1.755 E0.0759 F960
G1 X20.195 Y-2.178 E0.0268 F960
G1 X20.206 Y-2.572 E0.0246 F960
G1 X20.317 Y-2.929 E0.0233 F960
G1 X20.529 Y-3.249 E0.0240 F960
G1 X20.833 Y-3.534 E0.0259 F960
G1 X22.105 Y-4.368 E0.0949 F960
G1 X22.427 Y-4.682 E0.0280 F960
G1 X22.680 Y-5.055 E0.0281 F960
G1 X23.146 Y-6.171 E0.0754 F960
G1 X23.345 Y-6.568 E0.0277 F960
G1 X23.590 Y-6.892 E0.0253 F960
G1 X23.886 Y-7.125 E0.0235 F960
G1 X24.237 Y-7.265 E0.0235 F960
G1 X24.640 Y-7.315 E0.0253 F960
G1 X25.082 Y-7.290 E0.0276 F960
G1 X26.144 Y-7.142 E0.0669 F960
G1 X26.594 Y-7.148 E0.0281 F960
G1 X27.022 Y-7.239 E0.0273 F960
G1 X27.305 Y-7.340 E0.0187 F960
G1 X28.525 Y-7.974 E0.0858 F960
G1 X28.921 Y-8.095 E0.0258 F960
G1 X29.305 Y-8.118 E0.0240 F960
G1 X29.669 Y-8.035 E0.0233 F960
G1 X30.016 Y-7.848 E0.0246 F960
G1 X30.343 Y-7.570 E0.0268 F960
G1 X31.064 Y-6.770 E0.0671 F960
G1 X31.397 Y-6.466 E0.0281 F960
G1 X31.774 Y-6.232 E0.0277 F960
G1 X32.195 Y-6.074 E0.0280 F960
G1 X33.383 Y-5.815 E0.0759 F960
G1 X33.788 Y-5.670 E0.0268 F960
G1 X34.124 Y-5.464 E0.0246 F960
G1 X34.378 Y-5.189 E0.0233 F960
G1 X34.549 Y-4.845 E0.0240 F960
G1 X34.644 Y-4.440 E0.0259 F960
G0 X33.933 Y-4.518 Z1.500
G1 X23.692 Y5.722 E0.9032 F1800
G1 E-0.8 F1800
G0 X22.644 Y3.941 Z1.500
G1 E0.8 F1800
G1 X32.009 Y-5.423 E0.8259 F1800
G1 E-0.8 F1800
G0 X30.332 Y-6.574 Z1.500
G1 E0.8 F1800
G1 X21.008 Y2.750 E0.8223 F1800
G1 E-0.8 F1800
G0 X21.355 Y-0.426 Z1.500
G1 E0.8 F1800
G1 X27.729 Y-6.800 E0.5622 F1800
G1 E-0.8 F1800
G0 X24.734 Y-6.634 Z1.500
G1 E0.8 F1800
G1 X23.594 Y-5.494 E0.1005 F1800
G1 E-0.8 F1800
G0 X34.299 Y-2.056 Z1.500
G1 E0.8 F1800
G1 X25.715 Y6.527 E0.7570 F1800
G1 E-0.8 F1800
G0 X28.078 Y6.993 Z1.500
G1 E0.8 F1800
G1 X35.442 Y-0.371 E0.6495 F1800
G1 E-0.8 F1800
G0 X33.992 Y3.908 Z1.500
G1 E0.8 F1800
G1 X32.611 Y5.289 E0.1218 F1800
; layer 6/22, z=1.800
G0 X33.244 Y5.333 Z1.800
G1 X31.888 Y5.635 E0.0866 F1200
G1 X31.383 Y5.859 E0.0345 F1200
G1 X30.936 Y6.185 E0.0345 F1200
G1 X29.997 Y7.208 E0.0866 F1200
G1 X29.732 Y7.433 E0.0216 F1200
G1 X29.492 Y7.563 E0.0170 F1200
G1 X29.264 Y7.615 E0.0146 F1200
G1 X29.010 Y7.599 E0.0159 F1200
G1 X28.714 Y7.509 E0.0193 F1200
G1 X27.505 Y6.881 E0.0850 F1200
G1 X27.003 Y6.701 E0.0333 F1200
G1 X26.465 Y6.626 E0.0339 F1200
G1 X25.942 Y6.652 E0.0327 F1200
G1 X25.028 Y6.792 E0.0576 F1200
G1 X24.656 Y6.813 E0.0232 F1200
G1 X24.362 Y6.777 E0.0185 F1200
G1 X24.139 Y6.688 E0.0150 F1200
G1 X23.950 Y6.539 E0.0150 F1200
G1 X23.771 Y6.302 E0.0185 F1200
G1 X23.604 Y5.970 E0.0232 F1200
G1 X23.268 Y5.109 E0.0576 F1200
G1 X23.029 Y4.642 E0.0327 F1200
G1 X22.695 Y4.214 E0.0339 F1200
G1 X22.288 Y3.869 E0.0333 F1200
G1 X21.140 Y3.136 E0.0850 F1200
G1 X20.914 Y2.924 E0.0193 F1200
G1 X20.773 Y2.712 E0.0159 F1200
G1 X20.704 Y2.489 E0.0146 F1200
G1 X20.697 Y2.216 E0.0171 F1200
G1 X20.759 Y1.875 E0.0216 F1200
G1 X21.176 Y0.550 E0.0866 F1200
G1 X21.234 Y0.000 E0.0345 F1200
G1 X21.176 Y-0.550 E0.0345 F1200
G1 X20.759 Y-1.875 E0.0866 F1200
G1 X20.697 Y-2.216 E0.0216 F1200
G1 X20.704 Y-2.489 E0.0171 F1200
G1 X20.773 Y-2.712 E0.0146 F1200
G1 X20.914 Y-2.924 E0.0159 F1200
G1 X21.140 Y-3.136 E0.0193 F1200
G1 X22.288 Y-3.869 E0.0850 F1200
G1 X22.695 Y-4.214 E0.0333 F1200
G1 X23.029 Y-4.642 E0.0339 F1200
G1 X23.268 Y-5.109 E0.0327 F1200
G1 X23.604 Y-5.970 E0.0576 F1200
G1 X23.771 Y-6.302 E0.0232 F1200
G1 X23.950 Y-6.539 E0.0185 F1200
G1 X24.139 Y-6.688 E0.0150 F1200
G1 X24.362 Y-6.777 E0.0150 F1200
G1 X24.656 Y-6.813 E0.0185 F1200
G1 X25.028 Y-6.792 E0.0232 F1200
G1 X25.942 Y-6.652 E0.0576 F1200
G1 X26.465 Y-6.626 E0.0327 F1200
G1 X27.003 Y-6.701 E0.0339 F1200
G1 X27.505 Y-6.881 E0.0333 F1200
G1 X28.714 Y-7.509 E0.0850 F1200
G1 X29.010 Y-7.599 E0.0193 F1200
G1 X29.264 Y-7.615 E0.0159 F1200
G1 X29.492 Y-7.563 E0.0146 F1200
G1 X29.732 Y-7.433 E0.0170 F1200
G1 X29.997 Y-7.208 E0.0216 F1200
G1 X30.936 Y-6.185 E0.0866 F1200
G1 X31.383 Y-5.859 E0.0345 F1200
G1 X31.888 Y-5.635 E0.0345 F1200
G1 X33.244 Y-5.333 E0.0866 F1200
G1 X33.571 Y-5.217 E0.0216 F1200
G1 X33.804 Y-5.074 E0.0170 F1200
G1 X33.962 Y-4.902 E0.0146 F1200
G1 X34.076 Y-4.675 E0.0159 F1200
G1 X34.146 Y-4.373 E0.0193 F1200
G1 X34.207 Y-3.012 E0.0850 F1200
G1 X34.302 Y-2.487 E0.0333 F1200
G1 X34.506 Y-1.984 E0.0339 F1200
G1 X34.790 Y-1.544 E0.0327 F1200
G1 X35.368 Y-0.822 E0.0576 F1200
G1 X35.572 Y-0.511 E0.0232 F1200
G1 X35.688 Y-0.238 E0.0185 F1200
G1 X35.722 Y0.000 E0.0150 F1200
G1 X35.688 Y0.238 E0.0150 F1200
G1 X35.572 Y0.511 E0.0185 F1200
G1 X35.368 Y0.822 E0.0232 F1200
G1 X34.790 Y1.544 E0.0576 F1200
G1 X34.506 Y1.984 E0.0327 F1200
G1 X34.302 Y2.487 E0.0339 F1200
G1 X34.207 Y3.012 E0.0333 F1200
G1 X34.146 Y4.373 E0.0850 F1200
G1 X34.076 Y4.675 E0.0193 F1200
G1 X33.962 Y4.902 E0.0159 F1200
G1 X33.804 Y5.074 E0.0146 F1200
G1 X33.571 Y5.217 E0.0170 F1200
G1 X33.244 Y5.333 E0.0216 F1200
G0 X33.383 Y5.815 Z1.800
G1 X32.046 Y6.112 E0.0854 F960
G1 X31.634 Y6.295 E0.0281 F960
G1 X31.270 Y6.560 E0.0281 F960
G1 X30.344 Y7.569 E0.0854 F960
G1 X30.016 Y7.848 E0.0268 F960
G1 X29.669 Y8.035 E0.0246 F960
G1 X29.305 Y8.118 E0.0233 F960
G1 X28.921 Y8.095 E0.0240 F960
G1 X28.525 Y7.974 E0.0258 F960
G1 X27.305 Y7.340 E0.0858 F960
G1 X26.883 Y7.189 E0.0279 F960
G1 X26.443 Y7.128 E0.0277 F960
G1 X25.992 Y7.151 E0.0281 F960
G1 X25.080 Y7.290 E0.0575 F960
G1 X24.640 Y7.315 E0.0275 F960
G1 X24.237 Y7.265 E0.0253 F960
G1 X23.886 Y7.125 E0.0235 F960
G1 X23.590 Y6.892 E0.0235 F960
G1 X23.345 Y6.568 E0.0253 F960
G1 X23.147 Y6.174 E0.0275 F960
G1 X22.811 Y5.314 E0.0575 F960
G1 X22.606 Y4.913 E0.0281 F960
G1 X22.333 Y4.562 E0.0277 F960
G1 X21.991 Y4.272 E0.0279 F960
G1 X20.832 Y3.533 E0.0858 F960
G1 X20.529 Y3.249 E0.0258 F960
G1 X20.317 Y2.929 E0.0240 F960
G1 X20.206 Y2.572 E0.0233 F960
G1 X20.195 Y2.178 E0.0246 F960
G1 X20.273 Y1.754 E0.0268 F960
G1 X20.684 Y0.447 E0.0854 F960
G1 X20.731 Y0.000 E0.0281 F960
G1 X20.684 Y-0.447 E0.0281 F960
G1 X20.273 Y-1.754 E0.0854 F960
G1 X20.195 Y-2.178 E0.0268 F960
G1 X20.206 Y-2.572 E0.0246 F960
G1 X20.317 Y-2.929 E0.0233 F960
G1 X20.529 Y-3.249 E0.0240 F960
G1 X20.832 Y-3.533 E0.0258 F960
G1 X21.991 Y-4.272 E0.0858 F960
G1 X22.333 Y-4.562 E0.0279 F960
G1 X22.606 Y-4.913 E0.0277 F960
G1 X22.811 Y-5.314 E0.0281 F960
G1 X23.147 Y-6.174 E0.0575 F960
G1 X23.345 Y-6.568 E0.0275 F960
G1 X23.590 Y-6.892 E0.0253 F960
G1 X23.886 Y-7.125 E0.0235 F960
G1 X24.237 Y-7.265 E0.0235 F960
G1 X24.640 Y-7.315 E0.0253 F960
G1 X25.080 Y-7.290 E0.0275 F960
G1 X25.992 Y-7.151 E0.0575 F960
G1 X26.443 Y-7.128 E0.0281 F960
G1 X26.883 Y-7.189 E0.0277 F960
G1 X27.305 Y-7.340 E0.0279 F960
G1 X28.525 Y-7.974 E0.0858 F960
G1 X28.921 Y-8.095 E0.0258 F960
G1 X29.305 Y-8.118 E0.0240 F960
G1 X29.669 Y-8.035 E0.0233 F960
G1 X30.016 Y-7.848 E0.0246 F960
G1 X30.344 Y-7.569 E0.0268 F960
G1 X31.270 Y-6.560 E0.0854 F960
G1 X31.634 Y-6.295 E0.0281 F960
G1 X32.046 Y-6.112 E0.0281 F960
G1 X33.383 Y-5.815 E0.0854 F960
G1 X33.788 Y-5.670 E0.0268 F960
G1 X34.124 Y-5.464 E0.0246 F960
G1 X34.378 Y-5.189 E0.0233 F960
G1 X34.549 Y-4.845 E0.0240 F960
G1 X34.643 Y-4.442 E0.0258 F960
G1 X34.705 Y-3.068 E0.0858 F960
G1 X34.785 Y-2.627 E0.0279 F960
G1 X34.951 Y-2.215 E0.0277 F960
G1 X35.197 Y-1.836 E0.0281 F960
G1 X35.773 Y-1.116 E0.0575 F960
G1 X36.015 Y-0.747 E0.0275 F960
G1 X36.173 Y-0.373 E0.0253 F960
G1 X36.227 Y0.000 E0.0235 F960
G1 X36.173 Y0.373 E0.0235 F960
G1 X36.015 Y0.747 E0.0253 F960
G1 X35.773 Y1.116 E0.0275 F960
G1 X35.197 Y1.836 E0.0575 F960
G1 X34.951 Y2.215 E0.0281 F960
G1 X34.785 Y2.627 E0.0277 F960
G1 X34.705 Y3.068 E0.0279 F960
G1 X34.643 Y4.442 E0.0858 F960
G1 X34.549 Y4.845 E0.0258 F960
G1 X34.378 Y5.189 E0.0240 F960
G1 X34.124 Y5.464 E0.0233 F960
G1 X33.788 Y5.670 E0.0246 F960
G1 X33.383 Y5.815 E0.0268 F960
G0 X33.933 Y4.518 Z1.800
G1 X23.694 Y-5.720 E0.9030 F1800
G1 E-0.8 F1800
G0 X22.644 Y-3.941 Z1.800
G1 E0.8 F1800
G1 X32.013 Y5.428 E0.8263 F1800
G1 E-0.8 F1800
G0 X30.336 Y6.579 Z1.800
G1 E0.8 F1800
G1 X21.008 Y-2.750 E0.8227 F1800
G1 E-0.8 F1800
G0 X21.364 Y0.435 Z1.800
G1 E0.8 F1800
G1 X27.729 Y6.800 E0.5614 F1800
G1 E-0.8 F1800
G0 X24.734 Y6.634 Z1.800
G1 E0.8 F1800
G1 X23.614 Y5.513 E0.0988 F1800
G1 E-0.8 F1800
G0 X34.291 Y2.048 Z1.800
G1 E0.8 F1800
G1 X25.736 Y-6.507 E0.7545 F1800
G1 E-0.8 F1800
G0 X28.086 Y-6.985 Z1.800
G1 E0.8 F1800
G1 X35.442 Y0.371 E0.6488 F1800
G1 E-0.8 F1800
G0 X33.992 Y-3.908 Z1.800
G1 E0.8 F1800
G1 X32.603 Y-5.297 E0.1225 F1800
; layer 7/22, z=2.100
G0 X33.244 Y-5.333 Z2.100
G1 X33.571 Y-5.217 E0.0216 F1200
G1 X33.804 Y-5.074 E0.0170 F1200
G1 X33.962 Y-4.902 E0.0146 F1200
G1 X34.076 Y-4.675 E0.0159 F1200
G1 X34.146 Y-4.373 E0.0193 F1200
G1 X34.207 Y-3.012 E0.0850 F1200
G1 X34.302 Y-2.487 E0.0333 F1200
G1 X34.506 Y-1.984 E0.0339 F1200
G1 X34.790 Y-1.544 E0.0327 F1200
G1 X35.368 Y-0.822 E0.0576 F1200
G1 X35.572 Y-0.511 E0.0232 F1200
G1 X35.688 Y-0.238 E0.0185 F1200
G1 X35.722 Y0.000 E0.0150 F1200
G1 X35.688 Y0.238 E0.0150 F1200
G1 X35.572 Y0.511 E0.0185 F1200
G1 X35.368 Y0.822 E0.0232 F1200
G1 X34.790 Y1.544 E0.0576 F1200
G1 X34.506 Y1.984 E0.0327 F1200
G1 X34.302 Y2.487 E0.0339 F1200
G1 X34.207 Y3.012 E0.0333 F1200
G1 X34.146 Y4.373 E0.0850 F1200
G1 X34.076 Y4.675 E0.0193 F1200
G1 X33.962 Y4.902 E0.0159 F1200
G1 X33.804 Y5.074 E0.0146 F1200
G1 X33.571 Y5.217 E0.0170 F1200
G1 X33.244 Y5.333 E0.0216 F1200
G1 X31.888 Y5.635 E0.0866 F1200
G1 X31.383 Y5.859 E0.0345 F1200
G1 X30.936 Y6.185 E0.0345 F1200
G1 X29.997 Y7.208 E0.0866 F1200
G1 X29.732 Y7.433 E0.0216 F1200
G1 X29.492 Y7.563 E0.0170 F1200
G1 X29.264 Y7.615 E0.0146 F1200
G1 X29.010 Y7.599 E0.0159 F1200
G1 X28.714 Y7.509 E0.0193 F1200
G1 X27.505 Y6.881 E0.0850 F1200
G1 X27.003 Y6.701 E0.0333 F1200
G1 X26.465 Y6.626 E0.0339 F1200
G1 X25.942 Y6.652 E0.0327 F1200
G1 X25.028 Y6.792 E0.0576 F1200
G1 X24.656 Y6.813 E0.0232 F1200
G1 X24.362 Y6.777 E0.0185 F1200
G1 X24.139 Y6.688 E0.0150 F1200
G1 X23.950 Y6.539 E0.0150 F1200
G1 X23.771 Y6.302 E0.0185 F1200
G1 X23.604 Y5.970 E0.0232 F1200
G1 X23.268 Y5.109 E0.0576 F1200
G1 X23.029 Y4.642 E0.0327 F1200
G1 X22.695 Y4.214 E0.0339 F1200
G1 X22.288 Y3.869 E0.0333 F1200
G1 X21.140 Y3.136 E0.0850 F1200
G1 X20.914 Y2.924 E0.0193 F1200
G1 X20.773 Y2.712 E0.0159 F1200
G1 X20.704 Y2.489 E0.0146 F1200
G1 X20.697 Y2.216 E0.0171 F1200
G1 X20.759 Y1.875 E0.0216 F1200
G1 X21.176 Y0.550 E0.0866 F1200
G1 X21.234 Y0.000 E0.0345 F1200
G1 X21.176 Y-0.550 E0.0345 F1200
G1 X20.759 Y-1.875 E0.0866 F1200
G1 X20.697 Y-2.216 E0.0216 F1200
G1 X20.704 Y-2.489 E0.0171 F1200
G1 X20.773 Y-2.712 E0.0146 F1200
G1 X20.914 Y-2.924 E0.0159 F1200
G1 X21.140 Y-3.136 E0.0193 F1200
G1 X22.288 Y-3.869 E0.0850 F1200
G1 X22.695 Y-4.214 E0.0333 F1200
G1 X23.029 Y-4.642 E0.0339 F1200
G1 X23.268 Y-5.109 E0.0327 F1200
G1 X23.604 Y-5.970 E0.0576 F1200
G1 X23.771 Y-6.302 E0.0232 F1200
G1 X23.950 Y-6.539 E0.0185 F1200
G1 X24.139 Y-6.688 E0.0150 F1200
G1 X24.362 Y-6.777 E0.0150 F1200
G1 X24.656 Y-6.813 E0.0185 F1200
G1 X25.028 Y-6.792 E0.0232 F1200
G1 X25.942 Y-6.652 E0.0576 F1200
G1 X26.465 Y-6.626 E0.0327 F1200
G1 X27.003 Y-6.701 E0.0339 F1200
G1 X27.505 Y-6.881 E0.0333 F1200
G1 X28.714 Y-7.509 E0.0850 F1200
G1 X29.010 Y-7.599 E0.0193 F1200
G1 X29.264 Y-7.615 E0.0159 F1200
G1 X29.492 Y-7.563 E0.0146 F1200
G1 X29.732 Y-7.433 E0.0170 F1200
G1 X29.997 Y-7.208 E0.0216 F1200
G1 X30.936 Y-6.185 E0.0866 F1200
G1 X31.383 Y-5.859 E0.0345 F1200
G1 X31.888 Y-5.635 E0.0345 F1200
G1 X33.244 Y-5.333 E0.0866 F1200
G0 X33.383 Y-5.815 Z2.100
G1 X33.788 Y-5.670 E0.0268 F960
G1 X34.124 Y-5.464 E0.0246 F960
G1 X34.378 Y-5.189 E0.0233 F960
G1 X34.549 Y-4.845 E0.0240 F960
G1 X34.643 Y-4.442 E0.0258 F960
G1 X34.705 Y-3.068 E0.0858 F960
G1 X34.785 Y-2.627 E0.0279 F960
G1 X34.951 Y-2.215 E0.0277 F960
G1 X35.197 Y-1.836 E0.0281 F960
G1 X35.773 Y-1.116 E0.0575 F960
G1 X36.015 Y-0.747 E0.0275 F960
G1 X36.173 Y-0.373 E0.0253 F960
G1 X36.227 Y0.000 E0.0235 F960
G1 X36.173 Y0.373 E0.0235 F960
G1 X36.015 Y0.747 E0.0253 F960
G1 X35.773 Y1.116 E0.0275 F960
G1 X35.197 Y1.836 E0.0575 F960
G1 X34.951 Y2.215 E0.0281 F960
G1 X34.785 Y2.627 E0.0277 F960
G1 X34.705 Y3.068 E0.0279 F960
G1 X34.643 Y4.442 E0.0858 F960
G1 X34.549 Y4.845 E0.0258 F960
G1 X34.378 Y5.189 E0.0240 F960
G1 X34.124 Y5.464 E0.0233 F960
G1 X33.788 Y5.670 E0.0246 F960
G1 X33.383 Y5.815 E0.0268 F960
G1 X32.046 Y6.112 E0.0854 F960
G1 X31.634 Y6.295 E0.0281 F960
G1 X31.270 Y6.560 E0.0281 F960
G1 X30.344 Y7.569 E0.0854 F960
G1 X30.016 Y7.848 E0.0268 F960
G1 X29.669 Y8.035 E0.0246 F960
G1 X29.305 Y8.118 E0.0233 F960
G1 X28.921 Y8.095 E0.0240 F960
G1 X28.525 Y7.974 E0.0258 F960
G1 X27.305 Y7.340 E0.0858 F960
G1 X26.883 Y7.189 E0.0279 F960
G1 X26.443 Y7.128 E0.0277 F960
G1 X25.992 Y7.151 E0.0281 F960
G1 X25.080 Y7.290 E0.0575 F960
G1 X24.640 Y7.315 E0.0275 F960
G1 X24.237 Y7.265 E0.0253 F960
G1 X23.886 Y7.125 E0.0235 F960
G1 X23.590 Y6.892 E0.0235 F960
G1 X23.345 Y6.568 E0.0253 F960
G1 X23.147 Y6.174 E0.0275 F960
G1 X22.811 Y5.314 E0.0575 F960
G1 X22.606 Y4.913 E0.0281 F960
G1 X22.333 Y4.562 E0.0277 F960
G1 X21.991 Y4.272 E0.0279 F960
G1 X20.832 Y3.533 E0.0858 F960
G1 X20.529 Y3.249 E0.0258 F960
G1 X20.317 Y2.929 E0.0240 F960
G1 X20.206 Y2.572 E0.0233 F960
G1 X20.195 Y2.178 E0.0246 F960
G1 X20.273 Y1.754 E0.0268 F960
G1 X20.684 Y0.447 E0.0854 F960
G1 X20.731 Y0.000 E0.0281 F960
G1 X20.684 Y-0.447 E0.0281 F960
G1 X20.273 Y-1.754 E0.0854 F960
G1 X20.195 Y-2.178 E0.0268 F960
G1 X20.206 Y-2.572 E0.0246 F960
G1 X20.317 Y-2.929 E0.0233 F960
G1 X20.529 Y-3.249 E0.0240 F960
G1 X20.832 Y-3.533 E0.0258 F960
G1 X21.991 Y-4.272 E0.0858 F960
G1 X22.333 Y-4.562 E0.0279 F960
G1 X22.606 Y-4.913 E0.0277 F960
G1 X22.811 Y-5.314 E0.0281 F960
G1 X23.147 Y-6.174 E0.0575 F960
G1 X23.345 Y-6.568 E0.0275 F960
G1 X23.590 Y-6.892 E0.0253 F960
G1 X23.886 Y-7.125 E0.0235 F960
G1 X24.237 Y-7.265 E0.0235 F960
G1 X24.640 Y-7.315 E0.0253 F960
G1 X25.080 Y-7.290 E0.0275 F960
G1 X25.992 Y-7.151 E0.0575 F960
G1 X26.443 Y-7.128 E0.0281 F960
G1 X26.883 Y-7.189 E0.0277 F960
G1 X27.305 Y-7.340 E0.0279 F960
G1 X28.525 Y-7.974 E0.0858 F960
G1 X28.921 Y-8.095 E0.0258 F960
G1 X29.305 Y-8.118 E0.0240 F960
G1 X29.669 Y-8.035 E0.0233 F960
G1 X30.016 Y-7.848 E0.0246 F960
G1 X30.344 Y-7.569 E0.0268 F960
G1 X31.270 Y-6.560 E0.0854 F960
G1 X31.634 Y-6.295 E0.0281 F960
G1 X32.046 Y-6.112 E0.0281 F960
G1 X33.383 Y-5.815 E0.0854 F960
G0 X33.933 Y-4.518 Z2.100
G1 X23.694 Y5.720 E0.9030 F1800
G1 E-0.8 F1800
G0 X22.644 Y3.941 Z2.100
G1 E0.8 F1800
G1 X32.013 Y-5.428 E0.8263 F1800
G1 E-0.8 F1800
G0 X30.336 Y-6.579 Z2.100
G1 E0.8 F1800
G1 X21.008 Y2.750 E0.8227 F1800
G1 E-0.8 F1800
G0 X21.364 Y-0.435 Z2.100
G1 E0.8 F1800
G1 X27.729 Y-6.800 E0.5614 F1800
G1 E-0.8 F1800
G0 X24.734 Y-6.634 Z2.100
G1 E0.8 F1800
G1 X23.614 Y-5.513 E0.0988 F1800
G1 E-0.8 F1800
G0 X34.291 Y-2.048 Z2.100
G1 E0.8 F1800
G1 X25.736 Y6.507 E0.7545 F1800
G1 E-0.8 F1800
G0 X28.086 Y6.985 Z2.100
G1 E0.8 F1800
G1 X35.442 Y-0.371 E0.6488 F1800
G1 E-0.8 F1800
G0 X33.992 Y3.908 Z2.100
G1 E0.8 F1800
G1 X32.603 Y5.297 E0.1225 F1800
; layer 8/22, z=2.400
G0 X33.244 Y5.333 Z2.400
G1 X31.888 Y5.635 E0.0866 F1200
G1 X31.383 Y5.859 E0.0345 F1200
G1 X30.936 Y6.185 E0.0345 F1200
G1 X29.997 Y7.208 E0.0866 F1200
G1 X29.732 Y7.433 E0.0216 F1200
G1 X29.492 Y7.563 E0.0170 F1200
G1 X29.264 Y7.615 E0.0146 F1200
G1 X29.010 Y7.599 E0.0159 F1200
G1 X28.714 Y7.509 E0.0193 F1200
G1 X27.505 Y6.881 E0.0850 F1200
G1 X27.003 Y6.701 E0.0333 F1200
G1 X26.465 Y6.626 E0.0339 F1200
G1 X25.942 Y6.652 E0.0327 F1200
G1 X25.028 Y6.792 E0.0576 F1200
G1 X24.656 Y6.813 E0.0232 F1200
G1 X24.362 Y6.777 E0.0185 F1200
G1 X24.139 Y6.688 E0.0150 F1200
G1 X23.950 Y6.539 E0.0150 F1200
G1 X23.771 Y6.302 E0.0185 F1200
G1 X23.604 Y5.970 E0.0232 F1200
G1 X23.268 Y5.109 E0.0576 F1200
G1 X23.029 Y4.642 E0.0327 F1200
G1 X22.695 Y4.214 E0.0339 F1200
G1 X22.288 Y3.869 E0.0333 F1200
G1 X21.140 Y3.136 E0.0850 F1200
G1 X20.914 Y2.924 E0.0193 F1200
G1 X20.773 Y2.712 E0.0159 F1200
G1 X20.704 Y2.489 E0.0146 F1200
G1 X20.697 Y2.216 E0.0171 F1200
G1 X20.759 Y1.875 E0.0216 F1200
G1 X21.176 Y0.550 E0.0866 F1200
G1 X21.234 Y0.000 E0.0345 F1200
G1 X21.176 Y-0.550 E0.0345 F1200
G1 X20.759 Y-1.875 E0.0866 F1200
G1 X20.697 Y-2.216 E0.0216 F1200
G1 X20.704 Y-2.489 E0.0171 F1200
G1 X20.773 Y-2.712 E0.0146 F1200
G1 X20.914 Y-2.924 E0.0159 F1200
G1 X21.140 Y-3.136 E0.0193 F1200
G1 X22.288 Y-3.869 E0.0850 F1200
G1 X22.695 Y-4.214 E0.0333 F1200
G1 X23.029 Y-4.642 E0.0339 F1200
G1 X23.268 Y-5.109 E0.0327 F1200
G1 X23.604 Y-5.970 E0.0576 F1200
G1 X23.771 Y-6.302 E0.0232 F1200
G1 X23.950 Y-6.539 E0.0185 F1200
G1 X24.139 Y-6.688 E0.0150 F1200
G1 X24.362 Y-6.777 E0.0150 F1200
G1 X24.656 Y-6.813 E0.0185 F1200
G1 X25.028 Y-6.792 E0.0232 F1200
G1 X25.942 Y-6.652 E0.0576 F1200
G1 X26.465 Y-6.626 E0.0327 F1200
G1 X27.003 Y-6.701 E0.0339 F1200
G1 X27.505 Y-6.881 E0.0333 F1200
G1 X28.714 Y-7.509 E0.0850 F1200
G1 X29.010 Y-7.599 E0.0193 F1200
G1 X29.264 Y-7.615 E0.0159 F1200
G1 X29.492 Y-7.563 E0.0146 F1200
G1 X29.732 Y-7.433 E0.0170 F1200
G1 X29.997 Y-7.208 E0.0216 F1200
G1 X30.936 Y-6.185 E0.0866 F1200
G1 X31.383 Y-5.859 E0.0345 F1200
G1 X31.888 Y-5.635 E0.0345 F1200
G1 X33.244 Y-5.333 E0.0866 F1200
G1 X33.571 Y-5.217 E0.0216 F1200
G1 X33.804 Y-5.074 E0.0170 F1200
G1 X33.962 Y-4.902 E0.0146 F1200
G1 X34.076 Y-4.675 E0.0159 F1200
G1 X34.146 Y-4.373 E0.0193 F1200
G1 X34.207 Y-3.012 E0.0850 F1200
G1 X34.302 Y-2.487 E0.0333 F1200
G1 X34.506 Y-1.984 E0.0339 F1200
G1 X34.790 Y-1.544 E0.0327 F1200
G1 X35.368 Y-0.822 E0.0576 F1200
G1 X35.572 Y-0.511 E0.0232 F1200
G1 X35.688 Y-0.238 E0.0185 F1200
G1 X35.722 Y0.000 E0.0150 F1200
G1 X35.688 Y0.238 E0.0150 F1200
G1 X35.572 Y0.511 E0.0185 F1200
G1 X35.368 Y0.822 E0.0232 F1200
G1 X34.790 Y1.544 E0.0576 F1200
G1 X34.506 Y1.984 E0.0327 F1200
G1 X34.302 Y2.487 E0.0339 F1200
G1 X34.207 Y3.012 E0.0333 F1200
G1 X34.146 Y4.373 E0.0850 F1200
G1 X34.076 Y4.675 E0.0193 F1200
G1 X33.962 Y4.902 E0.0159 F1200
G1 X33.804 Y5.074 E0.0146 F1200
G1 X33.571 Y5.217 E0.0170 F1200
G1 X33.244 Y5.333 E0.0216 F1200
G0 X33.383 Y5.815 Z2.400
G1 X32.046 Y6.112 E0.0854 F960
G1 X31.634 Y6.295 E0.0281 F960
G1 X31.270 Y6.560 E0.0281 F960
G1 X30.344 Y7.569 E0.0854 F960
G1 X30.016 Y7.848 E0.0268 F960
G1 X29.669 Y8.035 E0.0246 F960
G1 X29.305 Y8.118 E0.0233 F960
G1 X28.921 Y8.095 E0.0240 F960
G1 X28.525 Y7.974 E0.0258 F960
G1 X27.305 Y7.340 E0.0858 F960
G1 X26.883 Y7.189 E0.0279 F960
G1 X26.443 Y7.128 E0.0277 F960
G1 X25.992 Y7.151 E0.0281 F960
G1 X25.080 Y7.290 E0.0575 F960
G1 X24.640 Y7.315 E0.0275 F960
G1 X24.237 Y7.265 E0.0253 F960
G1 X23.886 Y7.125 E0.0235 F960
G1 X23.590 Y6.892 E0.0235 F960
G1 X23.345 Y6.568 E0.0253 F960
G1 X23.147 Y6.174 E0.0275 F960
G1 X22.811 Y5.314 E0.0575 F960
G1 X22.606 Y4.913 E0.0281 F960
G1 X22.333 Y4.562 E0.0277 F960
G1 X21.991 Y4.272 E0.0279 F960
G1 X20.832 Y3.533 E0.0858 F960
G1 X20.529 Y3.249 E0.0258 F960
G1 X20.317 Y2.929 E0.0240 F960
G1 X20.206 Y2.572 E0.0233 F960
G1 X20.195 Y2.178 E0.0246 F960
G1 X20.273 Y1.754 E0.0268 F960
G1 X20.684 Y0.447 E0.0854 F960
G1 X20.731 Y0.000 E0.0281 F960
G1 X20.684 Y-0.447 E0.0281 F960
G1 X20.273 Y-1.754 E0.0854 F960
G1 X20.195 Y-2.178 E0.0268 F960
G1 X20.206 Y-2.572 E0.0246 F960
G1 X20.317 Y-2.929 E0.0233 F960
G1 X20.529 Y-3.249 E0.0240 F960
G1 X20.832 Y-3.533 E0.0258 F960
G1 X21.991 Y-4.272 E0.0858 F960
G1 X22.333 Y-4.562 E0.0279 F960
G1 X22.606 Y-4.913 E0.0277 F960
G1 X22.811 Y-5.314 E0.0281 F960
G1 X23.147 Y-6.174 E0.0575 F960
G1 X23.345 Y-6.568 E0.0275 F960
G1 X23.590 Y-6.892 E0.0253 F960
G1 X23.886 Y-7.125 E0.0235 F960
G1 X24.237 Y-7.265 E0.0235 F960
G1 X24.640 Y-7.315 E0.0253 F960
G1 X25.080 Y-7.290 E0.0275 F960
G1 X25.992 Y-7.151 E0.0575 F960
G1 X26.443 Y-7.128 E0.0281 F960
G1 X26.883 Y-7.189 E0.0277 F960
G1 X27.305 Y-7.340 E0.0279 F960
G1 X28.525 Y-7.974 E0.0858 F960
G1 X28.921 Y-8.095 E0.0258 F960
G1 X29.305 Y-8.118 E0.0240 F960
G1 X29.669 Y-8.035 E0.0233 F960
G1 X30.016 Y-7.848 E0.0246 F960
G1 X30.344 Y-7.569 E0.0268 F960
G1 X31.270 Y-6.560 E0.0854 F960
G1 X31.634 Y-6.295 E0.0281 F960
G1 X32.046 Y-6.112 E0.0281 F960
G1 X33.383 Y-5.815 E0.0854 F960
G1 X33.788 Y-5.670 E0.0268 F960
G1 X34.124 Y-5.464 E0.0246 F960
G1 X34.378 Y-5.189 E0.0233 F960
G1 X34.549 Y-4.845 E0.0240 F960
G1 X34.643 Y-4.442 E0.0258 F960
G1 X34.705 Y-3.068 E0.0858 F960
G1 X34.785 Y-2.627 E0.0279 F960
G1 X34.951 Y-2.215 E0.0277 F960
G1 X35.197 Y-1.836 E0.0281 F960
G1 X35.773 Y-1.116 E0.0575 F960
G1 X36.015 Y-0.747 E0.0275 F960
G1 X36.173 Y-0.373 E0.0253 F960
G1 X36.227 Y0.000 E0.0235 F960
G1 X36.173 Y0.373 E0.0235 F960
G1 X36.015 Y0.747 E0.0253 F960
G1 X35.773 Y1.116 E0.0275 F960
G1 X35.197 Y1.836 E0.0575 F960
G1 X34.951 Y2.215 E0.0281 F960
G1 X34.785 Y2.627 E0.0277 F960
G1 X34.705 Y3.068 E0.0279 F960
G1 X34.643 Y4.442 E0.0858 F960
G1 X34.549 Y4.845 E0.0258 F960
G1 X34.378 Y5.189 E0.0240 F960
G1 X34.124 Y5.464 E0.0233 F960
G1 X33.788 Y5.670 E0.0246 F960
G1 X33.383 Y5.815 E0.0268 F960
G0 X33.933 Y4.518 Z2.400
G1 X23.694 Y-5.720 E0.9030 F1800
G1 E-0.8 F1800
G0 X22.644 Y-3.941 Z2.400
G1 E0.8 F1800
G1 X32.013 Y5.428 E0.8263 F1800
G1 E-0.8 F1800
G0 X30.336 Y6.579 Z2.400
G1 E0.8 F1800
G1 X21.008 Y-2.750 E0.8227 F1800
G1 E-0.8 F1800
G0 X21.364 Y0.435 Z2.400
G1 E0.8 F1800
G1 X27.729 Y6.800 E0.5614 F1800
G1 E-0.8 F1800
G0 X24.734 Y6.634 Z2.400
G1 E0.8 F1800
G1 X23.614 Y5.513 E0.0988 F1800
G1 E-0.8 F1800
G0 X34.291 Y2.048 Z2.400
G1 E0.8 F1800
G1 X25.736 Y-6.507 E0.7545 F1800
G1 E-0.8 F1800
G0 X28.086 Y-6.985 Z2.400
G1 E0.8 F1800
G1 X35.442 Y0.371 E0.6488 F1800
G1 E-0.8 F1800
G0 X33.992 Y-3.908 Z2.400
G1 E0.8 F1800
G1 X32.603 Y-5.297 E0.1225 F1800
; layer 9/22, z=2.700
G0 X32.367 Y-5.513 Z2.700
G1 X33.250 Y-5.331 E0.0562 F1200
G1 X33.571 Y-5.217 E0.0213 F1200
G1 X33.804 Y-5.074 E0.0170 F1200
G1 X33.962 Y-4.902 E0.0146 F1200
G1 X34.076 Y-4.675 E0.0159 F1200
G1 X34.149 Y-4.362 E0.0200 F1200
G1 X34.179 Y-3.961 E0.0251 F1200
G1 X34.206 Y-3.018 E0.0588 F1200
G1 X34.302 Y-2.487 E0.0337 F1200
G1 X34.506 Y-1.984 E0.0339 F1200
G1 X34.790 Y-1.544 E0.0327 F1200
G1 X35.368 Y-0.822 E0.0576 F1200
G1 X35.572 Y-0.511 E0.0232 F1200
G1 X35.688 Y-0.238 E0.0185 F1200
G1 X35.722 Y0.000 E0.0150 F1200
G1 X35.688 Y0.238 E0.0150 F1200
G1 X35.572 Y0.511 E0.0185 F1200
G1 X35.368 Y0.822 E0.0232 F1200
G1 X34.790 Y1.544 E0.0576 F1200
G1 X34.506 Y1.984 E0.0327 F1200
G1 X34.302 Y2.487 E0.0339 F1200
G1 X34.206 Y3.018 E0.0337 F1200
G1 X34.179 Y3.961 E0.0588 F1200
G1 X34.149 Y4.362 E0.0251 F1200
G1 X34.076 Y4.675 E0.0200 F1200
G1 X33.962 Y4.902 E0.0159 F1200
G1 X33.804 Y5.074 E0.0146 F1200
G1 X33.571 Y5.217 E0.0170 F1200
G1 X33.250 Y5.331 E0.0213 F1200
G1 X32.367 Y5.513 E0.0562 F1200
G1 X31.876 Y5.640 E0.0316 F1200
G1 X31.383 Y5.859 E0.0337 F1200
G1 X30.946 Y6.177 E0.0337 F1200
G1 X30.591 Y6.538 E0.0316 F1200
G1 X29.992 Y7.212 E0.0562 F1200
G1 X29.732 Y7.433 E0.0213 F1200
G1 X29.492 Y7.563 E0.0170 F1200
G1 X29.264 Y7.615 E0.0146 F1200
G1 X29.010 Y7.599 E0.0159 F1200
G1 X28.703 Y7.506 E0.0200 F1200
G1 X28.341 Y7.332 E0.0251 F1200
G1 X27.511 Y6.883 E0.0588 F1200
G1 X27.003 Y6.701 E0.0337 F1200
G1 X26.465 Y6.626 E0.0339 F1200
G1 X25.942 Y6.652 E0.0327 F1200
G1 X25.028 Y6.792 E0.0576 F1200
G1 X24.656 Y6.813 E0.0232 F1200
G1 X24.362 Y6.777 E0.0185 F1200
G1 X24.139 Y6.688 E0.0150 F1200
G1 X23.950 Y6.539 E0.0150 F1200
G1 X23.771 Y6.302 E0.0185 F1200
G1 X23.604 Y5.970 E0.0232 F1200
G1 X23.268 Y5.109 E0.0576 F1200
G1 X23.029 Y4.642 E0.0327 F1200
G1 X22.695 Y4.214 E0.0339 F1200
G1 X22.284 Y3.865 E0.0337 F1200
G1 X21.480 Y3.371 E0.0588 F1200
G1 X21.148 Y3.144 E0.0251 F1200
G1 X20.914 Y2.924 E0.0200 F1200
G1 X20.773 Y2.712 E0.0159 F1200
G1 X20.704 Y2.489 E0.0146 F1200
G1 X20.697 Y2.216 E0.0171 F1200
G1 X20.758 Y1.881 E0.0213 F1200
G1 X21.042 Y1.025 E0.0562 F1200
G1 X21.177 Y0.537 E0.0316 F1200
G1 X21.234 Y0.000 E0.0337 F1200
G1 X21.177 Y-0.537 E0.0337 F1200
G1 X21.042 Y-1.025 E0.0316 F1200
G1 X20.758 Y-1.881 E0.0562 F1200
G1 X20.697 Y-2.216 E0.0213 F1200
G1 X20.704 Y-2.489 E0.0171 F1200
G1 X20.773 Y-2.712 E0.0146 F1200
G1 X20.914 Y-2.924 E0.0159 F1200
G1 X21.148 Y-3.144 E0.0200 F1200
G1 X21.480 Y-3.371 E0.0251 F1200
G1 X22.284 Y-3.865 E0.0588 F1200
G1 X22.695 Y-4.214 E0.0337 F1200
G1 X23.029 Y-4.642 E0.0339 F1200
G1 X23.268 Y-5.109 E0.0327 F1200
G1 X23.604 Y-5.970 E0.0576 F1200
G1 X23.771 Y-6.302 E0.0232 F1200
G1 X23.950 Y-6.539 E0.0185 F1200
G1 X24.139 Y-6.688 E0.0150 F1200
G1 X24.362 Y-6.777 E0.0150 F1200
G1 X24.656 Y-6.813 E0.0185 F1200
G1 X25.028 Y-6.792 E0.0232 F1200
G1 X25.942 Y-6.652 E0.0576 F1200
G1 X26.465 Y-6.626 E0.0327 F1200
G1 X27.003 Y-6.701 E0.0339 F1200
G1 X27.511 Y-6.883 E0.0337 F1200
G1 X28.341 Y-7.332 E0.0588 F1200
G1 X28.703 Y-7.506 E0.0251 F1200
G1 X29.010 Y-7.599 E0.0200 F1200
G1 X29.264 Y-7.615 E0.0159 F1200
G1 X29.492 Y-7.563 E0.0146 F1200
G1 X29.732 Y-7.433 E0.0170 F1200
G1 X29.992 Y-7.212 E0.0213 F1200
G1 X30.591 Y-6.538 E0.0562 F1200
G1 X30.946 Y-6.177 E0.0316 F1200
G1 X31.383 Y-5.859 E0.0337 F1200
G1 X31.876 Y-5.640 E0.0337 F1200
G1 X32.367 Y-5.513 E0.0316 F1200
G0 X32.480 Y-6.000 Z2.700
G1 X33.385 Y-5.814 E0.0576 F960
G1 X33.788 Y-5.670 E0.0267 F960
G1 X34.124 Y-5.464 E0.0246 F960
G1 X34.378 Y-5.189 E0.0233 F960
G1 X34.549 Y-4.845 E0.0240 F960
G1 X34.644 Y-4.438 E0.0261 F960
G1 X34.678 Y-3.987 E0.0282 F960
G1 X34.704 Y-3.070 E0.0572 F960
G1 X34.785 Y-2.627 E0.0281 F960
G1 X34.951 Y-2.215 E0.0277 F960
G1 X35.197 Y-1.836 E0.0281 F960
G1 X35.773 Y-1.116 E0.0575 F960
G1 X36.015 Y-0.747 E0.0275 F960
G1 X36.173 Y-0.373 E0.0253 F960
G1 X36.227 Y0.000 E0.0235 F960
G1 X36.173 Y0.373 E0.0235 F960
G1 X36.015 Y0.747 E0.0253 F960
G1 X35.773 Y1.116 E0.0275 F960
G1 X35.197 Y1.836 E0.0575 F960
G1 X34.951 Y2.215 E0.0281 F960
G1 X34.785 Y2.627 E0.0277 F960
G1 X34.704 Y3.070 E0.0281 F960
G1 X34.678 Y3.987 E0.0572 F960
G1 X34.644 Y4.438 E0.0282 F960
G1 X34.549 Y4.845 E0.0261 F960
G1 X34.378 Y5.189 E0.0240 F960
G1 X34.124 Y5.464 E0.0233 F960
G1 X33.788 Y5.670 E0.0246 F960
G1 X33.385 Y5.814 E0.0267 F960
G1 X32.480 Y6.000 E0.0576 F960
G1 X32.042 Y6.114 E0.0282 F960
G1 X31.634 Y6.295 E0.0278 F960
G1 X31.274 Y6.557 E0.0278 F960
G1 X30.956 Y6.880 E0.0282 F960
G1 X30.343 Y7.570 E0.0576 F960
G1 X30.016 Y7.848 E0.0267 F960
G1 X29.669 Y8.035 E0.0246 F960
G1 X29.305 Y8.118 E0.0233 F960
G1 X28.921 Y8.095 E0.0240 F960
G1 X28.521 Y7.973 E0.0261 F960
G1 X28.114 Y7.777 E0.0282 F960
G1 X27.307 Y7.341 E0.0572 F960
G1 X26.883 Y7.189 E0.0281 F960
G1 X26.443 Y7.128 E0.0277 F960
G1 X25.992 Y7.151 E0.0281 F960
G1 X25.080 Y7.290 E0.0575 F960
G1 X24.640 Y7.315 E0.0275 F960
G1 X24.237 Y7.265 E0.0253 F960
G1 X23.886 Y7.125 E0.0235 F960
G1 X23.590 Y6.892 E0.0235 F960
G1 X23.345 Y6.568 E0.0253 F960
G1 X23.147 Y6.174 E0.0275 F960
G1 X22.811 Y5.314 E0.0575 F960
G1 X22.606 Y4.913 E0.0281 F960
G1 X22.333 Y4.562 E0.0277 F960
G1 X21.989 Y4.271 E0.0281 F960
G1 X21.208 Y3.790 E0.0572 F960
G1 X20.835 Y3.535 E0.0282 F960
G1 X20.529 Y3.249 E0.0261 F960
G1 X20.317 Y2.929 E0.0240 F960
G1 X20.206 Y2.572 E0.0233 F960
G1 X20.195 Y2.178 E0.0246 F960
G1 X20.272 Y1.756 E0.0267 F960
G1 X20.564 Y0.880 E0.0576 F960
G1 X20.685 Y0.443 E0.0282 F960
G1 X20.731 Y0.000 E0.0278 F960
G1 X20.685 Y-0.443 E0.0278 F960
G1 X20.564 Y-0.880 E0.0282 F960
G1 X20.272 Y-1.756 E0.0576 F960
G1 X20.195 Y-2.178 E0.0267 F960
G1 X20.206 Y-2.572 E0.0246 F960
G1 X20.317 Y-2.929 E0.0233 F960
G1 X20.529 Y-3.249 E0.0240 F960
G1 X20.835 Y-3.535 E0.0261 F960
G1 X21.208 Y-3.790 E0.0282 F960
G1 X21.989 Y-4.271 E0.0572 F960
G1 X22.333 Y-4.562 E0.0281 F960
G1 X22.606 Y-4.913 E0.0277 F960
G1 X22.811 Y-5.314 E0.0281 F960
G1 X23.147 Y-6.174 E0.0575 F960
G1 X23.345 Y-6.568 E0.0275 F960
G1 X23.590 Y-6.892 E0.0253 F960
G1 X23.886 Y-7.125 E0.0235 F960
G1 X24.237 Y-7.265 E0.0235 F960
G1 X24.640 Y-7.315 E0.0253 F960
G1 X25.080 Y-7.290 E0.0275 F960
G1 X25.992 Y-7.151 E0.0575 F960
G1 X26.443 Y-7.128 E0.0281 F960
G1 X26.883 Y-7.189 E0.0277 F960
G1 X27.307 Y-7.341 E0.0281 F960
G1 X28.114 Y-7.777 E0.0572 F960
G1 X28.521 Y-7.973 E0.0282 F960
G1 X28.921 Y-8.095 E0.0261 F960
G1 X29.305 Y-8.118 E0.0240 F960
G1 X29.669 Y-8.035 E0.0233 F960
G1 X30.016 Y-7.848 E0.0246 F960
G1 X30.343 Y-7.570 E0.0267 F960
G1 X30.956 Y-6.880 E0.0576 F960
G1 X31.274 Y-6.557 E0.0282 F960
G1 X31.634 Y-6.295 E0.0278 F960
G1 X32.042 Y-6.114 E0.0278 F960
G1 X32.480 Y-6.000 E0.0282 F960
G0 X32.010 Y-5.425 Z2.700
G1 X22.644 Y3.941 E0.8260 F1800
G1 E-0.8 F1800
G0 X21.008 Y2.750 Z2.700
G1 E0.8 F1800
G1 X30.328 Y-6.571 E0.8220 F1800
G1 E-0.8 F1800
G0 X27.733 Y-6.804 Z2.700
G1 E0.8 F1800
G1 X21.364 Y-0.435 E0.5617 F1800
G1 E-0.8 F1800
G0 X23.614 Y-5.513 Z2.700
G1 E0.8 F1800
G1 X24.734 Y-6.634 E0.0988 F1800
G1 E-0.8 F1800
G0 X33.933 Y-4.518 Z2.700
G1 E0.8 F1800
G1 X23.694 Y5.720 E0.9030 F1800
G1 E-0.8 F1800
G0 X25.736 Y6.507 Z2.700
G1 E0.8 F1800
G1 X34.291 Y-2.048 E0.7545 F1800
G1 E-0.8 F1800
G0 X35.442 Y-0.371 Z2.700
G1 E0.8 F1800
G1 X28.080 Y6.992 E0.6493 F1800
G1 E-0.8 F1800
G0 X32.616 Y5.283 Z2.700
G1 E0.8 F1800
G1 X34.006 Y3.894 E0.1225 F1800
; layer 10/22, z=3.000
G0 X34.179 Y3.961 Z3.000
G1 X34.149 Y4.362 E0.0251 F1200
G1 X34.076 Y4.675 E0.0200 F1200
G1 X33.962 Y4.902 E0.0159 F1200
G1 X33.804 Y5.074 E0.0146 F1200
G1 X33.571 Y5.217 E0.0170 F1200
G1 X33.250 Y5.331 E0.0213 F1200
G1 X32.367 Y5.513 E0.0562 F1200
G1 X31.876 Y5.640 E0.0316 F1200
G1 X31.383 Y5.859 E0.0337 F1200
G1 X30.946 Y6.177 E0.0337 F1200
G1 X30.591 Y6.538 E0.0316 F1200
G1 X29.992 Y7.212 E0.0562 F1200
G1 X29.732 Y7.433 E0.0213 F1200
G1 X29.492 Y7.563 E0.0170 F1200
G1 X29.264 Y7.615 E0.0146 F1200
G1 X29.010 Y7.599 E0.0159 F1200
G1 X28.703 Y7.506 E0.0200 F1200
G1 X28.341 Y7.332 E0.0251 F1200
G1 X27.511 Y6.883 E0.0588 F1200
G1 X27.003 Y6.701 E0.0337 F1200
G1 X26.465 Y6.626 E0.0339 F1200
G1 X25.942 Y6.652 E0.0327 F1200
G1 X25.028 Y6.792 E0.0576 F1200
G1 X24.656 Y6.813 E0.0232 F1200
G1 X24.362 Y6.777 E0.0185 F1200
G1 X24.139 Y6.688 E0.0150 F1200
G1 X23.950 Y6.539 E0.0150 F1200
G1 X23.771 Y6.302 E0.0185 F1200
G1 X23.604 Y5.970 E0.0232 F1200
G1 X23.268 Y5.109 E0.0576 F1200
G1 X23.029 Y4.642 E0.0327 F1200
G1 X22.695 Y4.214 E0.0339 F1200
G1 X22.284 Y3.865 E0.0337 F1200
G1 X21.480 Y3.371 E0.0588 F1200
G1 X21.148 Y3.144 E0.0251 F1200
G1 X20.914 Y2.924 E0.0200 F1200
G1 X20.773 Y2.712 E0.0159 F1200
G1 X20.704 Y2.489 E0.0146 F1200
G1 X20.697 Y2.216 E0.0171 F1200
G1 X20.758 Y1.881 E0.0213 F1200
G1 X21.042 Y1.025 E0.0562 F1200
G1 X21.177 Y0.537 E0.0316 F1200
G1 X21.234 Y0.000 E0.0337 F1200
G1 X21.177 Y-0.537 E0.0337 F1200
G1 X21.042 Y-1.025 E0.0316 F1200
G1 X20.758 Y-1.881 E0.0562 F1200
G1 X20.697 Y-2.216 E0.0213 F1200
G1 X20.704 Y-2.489 E0.0171 F1200
G1 X20.773 Y-2.712 E0.0146 F1200
G1 X20.914 Y-2.924 E0.0159 F1200
G1 X21.148 Y-3.144 E0.0200 F1200
G1 X21.480 Y-3.371 E0.0251 F1200
G1 X22.284 Y-3.865 E0.0588 F1200
G1 X22.695 Y-4.214 E0.0337 F1200
G1 X23.029 Y-4.642 E0.0339 F1200
G1 X23.268 Y-5.109 E0.0327 F1200
G1 X23.604 Y-5.970 E0.0576 F1200
G1 X23.771 Y-6.302 E0.0232 F1200
G1 X23.950 Y-6.539 E0.0185 F1200
G1 X24.139 Y-6.688 E0.0150 F1200
G1 X24.362 Y-6.777 E0.0150 F1200
G1 X24.656 Y-6.813 E0.0185 F1200
G1 X25.028 Y-6.792 E0.0232 F1200
G1 X25.942 Y-6.652 E0.0576 F1200
G1 X26.465 Y-6.626 E0.0327 F1200
G1 X27.003 Y-6.701 E0.0339 F1200
G1 X27.511 Y-6.883 E0.0337 F1200
G1 X28.341 Y-7.332 E0.0588 F1200
G1 X28.703 Y-7.506 E0.0251 F1200
G1 X29.010 Y-7.599 E0.0200 F1200
G1 X29.264 Y-7.615 E0.0159 F1200
G1 X29.492 Y-7.563 E0.0146 F1200
G1 X29.732 Y-7.433 E0.0170 F1200
G1 X29.992 Y-7.212 E0.0213 F1200
G1 X30.591 Y-6.538 E0.0562 F1200
G1 X30.946 Y-6.177 E0.0316 F1200
G1 X31.383 Y-5.859 E0.0337 F1200
G1 X31.876 Y-5.640 E0.0337 F1200
G1 X32.367 Y-5.513 E0.0316 F1200
G1 X33.250 Y-5.331 E0.0562 F1200
G1 X33.571 Y-5.217 E0.0213 F1200
G1 X33.804 Y-5.074 E0.0170 F1200
G1 X33.962 Y-4.902 E0.0146 F1200
G1 X34.076 Y-4.675 E0.0159 F1200
G1 X34.149 Y-4.362 E0.0200 F1200
G1 X34.179 Y-3.961 E0.0251 F1200
G1 X34.206 Y-3.018 E0.0588 F1200
G1 X34.302 Y-2.487 E0.0337 F1200
G1 X34.506 Y-1.984 E0.0339 F1200
G1 X34.790 Y-1.544 E0.0327 F1200
G1 X35.368 Y-0.822 E0.0576 F1200
G1 X35.572 Y-0.511 E0.0232 F1200
G1 X35.688 Y-0.238 E0.0185 F1200
G1 X35.722 Y0.000 E0.0150 F1200
G1 X35.688 Y0.238 E0.0150 F1200
G1 X35.572 Y0.511 E0.0185 F1200
G1 X35.368 Y0.822 E0.0232 F1200
G1 X34.790 Y1.544 E0.0576 F1200
G1 X34.506 Y1.984 E0.0327 F1200
G1 X34.302 Y2.487 E0.0339 F1200
G1 X34.206 Y3.018 E0.0337 F1200
G1 X34.179 Y3.961 E0.0588 F1200
G0 X34.678 Y3.987 Z3.000
G1 X34.644 Y4.438 E0.0282 F960
G1 X34.549 Y4.845 E0.0261 F960
G1 X34.378 Y5.189 E0.0240 F960
G1 X34.124 Y5.464 E0.0233 F960
G1 X33.788 Y5.670 E0.0246 F960
G1 X33.385 Y5.814 E0.0267 F960
G1 X32.480 Y6.000 E0.0576 F960
G1 X32.042 Y6.114 E0.0282 F960
G1 X31.634 Y6.295 E0.0278 F960
G1 X31.274 Y6.557 E0.0278 F960
G1 X30.956 Y6.880 E0.0282 F960
G1 X30.343 Y7.570 E0.0576 F960
G1 X30.016 Y7.848 E0.0267 F960
G1 X29.669 Y8.035 E0.0246 F960
G1 X29.305 Y8.118 E0.0233 F960
G1 X28.921 Y8.095 E0.0240 F960
G1 X28.521 Y7.973 E0.0261 F960
G1 X28.114 Y7.777 E0.0282 F960
G1 X27.307 Y7.341 E0.0572 F960
G1 X26.883 Y7.189 E0.0281 F960
G1 X26.443 Y7.128 E0.0277 F960
G1 X25.992 Y7.151 E0.0281 F960
G1 X25.080 Y7.290 E0.0575 F960
G1 X24.640 Y7.315 E0.0275 F960
G1 X24.237 Y7.265 E0.0253 F960
G1 X23.886 Y7.125 E0.0235 F960
G1 X23.590 Y6.892 E0.0235 F960
G1 X23.345 Y6.568 E0.0253 F960
G1 X23.147 Y6.174 E0.0275 F960
G1 X22.811 Y5.314 E0.0575 F960
G1 X22.606 Y4.913 E0.0281 F960
G1 X22.333 Y4.562 E0.0277 F960
G1 X21.989 Y4.271 E0.0281 F960
G1 X21.208 Y3.790 E0.0572 F960
G1 X20.835 Y3.535 E0.0282 F960
G1 X20.529 Y3.249 E0.0261 F960
G1 X20.317 Y2.929 E0.0240 F960
G1 X20.206 Y2.572 E0.0233 F960
G1 X20.195 Y2.178 E0.0246 F960
G1 X20.272 Y1.756 E0.0267 F960
G1 X20.564 Y0.880 E0.0576 F960
G1 X20.685 Y0.443 E0.0282 F960
G1 X20.731 Y0.000 E0.0278 F960
G1 X20.685 Y-0.443 E0.0278 F960
G1 X20.564 Y-0.880 E0.0282 F960
G1 X20.272 Y-1.756 E0.0576 F960
G1 X20.195 Y-2.178 E0.0267 F960
G1 X20.206 Y-2.572 E0.0246 F960
G1 X20.317 Y-2.929 E0.0233 F960
G1 X20.529 Y-3.249 E0.0240 F960
G1 X20.835 Y-3.535 E0.0261 F960
G1 X21.208 Y-3.790 E0.0282 F960
G1 X21.989 Y-4.271 E0.0572 F960
G1 X22.333 Y-4.562 E0.0281 F960
G1 X22.606 Y-4.913 E0.0277 F960
G1 X22.811 Y-5.314 E0.0281 F960
G1 X23.147 Y-6.174 E0.0575 F960
G1 X23.345 Y-6.568 E0.0275 F960
G1 X23.590 Y-6.892 E0.0253 F960
G1 X23.886 Y-7.125 E0.0235 F960
G1 X24.237 Y-7.265 E0.0235 F960
G1 X24.640 Y-7.315 E0.0253 F960
G1 X25.080 Y-7.290 E0.0275 F960
G1 X25.992 Y-7.151 E0.0575 F960
G1 X26.443 Y-7.128 E0.0281 F960
G1 X26.883 Y-7.189 E0.0277 F960
G1 X27.307 Y-7.341 E0.0281 F960
G1 X28.114 Y-7.777 E0.0572 F960
G1 X28.521 Y-7.973 E0.0282 F960
G1 X28.921 Y-8.095 E0.0261 F960
G1 X29.305 Y-8.118 E0.0240 F960
G1 X29.669 Y-8.035 E0.0233 F960
G1 X30.016 Y-7.848 E0.0246 F960
G1 X30.343 Y-7.570 E0.0267 F960
G1 X30.956 Y-6.880 E0.0576 F960
G1 X31.274 Y-6.557 E0.0282 F960
G1 X31.634 Y-6.295 E0.0278 F960
G1 X32.042 Y-6.114 E0.0278 F960
G1 X32.480 Y-6.000 E0.0282 F960
G1 X33.385 Y-5.814 E0.0576 F960
G1 X33.788 Y-5.670 E0.0267 F960
G1 X34.124 Y-5.464 E0.0246 F960
G1 X34.378 Y-5.189 E0.0233 F960
G1 X34.549 Y-4.845 E0.0240 F960
G1 X34.644 Y-4.438 E0.0261 F960
G1 X34.678 Y-3.987 E0.0282 F960
G1 X34.704 Y-3.070 E0.0572 F960
G1 X34.785 Y-2.627 E0.0281 F960
G1 X34.951 Y-2.215 E0.0277 F960
G1 X35.197 Y-1.836 E0.0281 F960
G1 X35.773 Y-1.116 E0.0575 F960
G1 X36.015 Y-0.747 E0.0275 F960
G1 X36.173 Y-0.373 E0.0253 F960
G1 X36.227 Y0.000 E0.0235 F960
G1 X36.173 Y0.373 E0.0235 F960
G1 X36.015 Y0.747 E0.0253 F960
G1 X35.773 Y1.116 E0.0275 F960
G1 X35.197 Y1.836 E0.0575 F960
G1 X34.951 Y2.215 E0.0281 F960
G1 X34.785 Y2.627 E0.0277 F960
G1 X34.704 Y3.070 E0.0281 F960
G1 X34.678 Y3.987 E0.0572 F960
G0 X33.933 Y4.518 Z3.000
G1 X23.694 Y-5.720 E0.9030 F1800
G1 E-0.8 F1800
G0 X22.644 Y-3.941 Z3.000
G1 E0.8 F1800
G1 X32.010 Y5.425 E0.8260 F1800
G1 E-0.8 F1800
G0 X30.328 Y6.571 Z3.000
G1 E0.8 F1800
G1 X21.008 Y-2.750 E0.8220 F1800
G1 E-0.8 F1800
G0 X21.364 Y0.435 Z3.000
G1 E0.8 F1800
G1 X27.733 Y6.804 E0.5617 F1800
G1 E-0.8 F1800
G0 X24.734 Y6.634 Z3.000
G1 E0.8 F1800
G1 X23.614 Y5.513 E0.0988 F1800
G1 E-0.8 F1800
G0 X34.291 Y2.048 Z3.000
G1 E0.8 F1800
G1 X25.736 Y-6.507 E0.7545 F1800
G1 E-0.8 F1800
G0 X28.080 Y-6.992 Z3.000
G1 E0.8 F1800
G1 X35.442 Y0.371 E0.6493 F1800
G1 E-0.8 F1800
G0 X34.006 Y-3.894 Z3.000
G1 E0.8 F1800
G1 X32.616 Y-5.283 E0.1225 F1800
; layer 11/22, z=3.300
G0 X32.367 Y-5.513 Z3.300
G1 X33.250 Y-5.331 E0.0562 F1200
G1 X33.571 Y-5.217 E0.0213 F1200
G1 X33.804 Y-5.074 E0.0170 F1200
G1 X33.962 Y-4.902 E0.0146 F1200
G1 X34.076 Y-4.675 E0.0159 F1200
G1 X34.149 Y-4.362 E0.0200 F1200
G1 X34.179 Y-3.961 E0.0251 F1200
G1 X34.206 Y-3.018 E0.0588 F1200
G1 X34.302 Y-2.487 E0.0337 F1200
G1 X34.506 Y-1.984 E0.0339 F1200
G1 X34.790 Y-1.544 E0.0327 F1200
G1 X35.368 Y-0.822 E0.0576 F1200
G1 X35.572 Y-0.511 E0.0232 F1200
G1 X35.688 Y-0.238 E0.0185 F1200
G1 X35.722 Y0.000 E0.0150 F1200
G1 X35.688 Y0.238 E0.0150 F1200
G1 X35.572 Y0.511 E0.0185 F1200
G1 X35.368 Y0.822 E0.0232 F1200
G1 X34.790 Y1.544 E0.0576 F1200
G1 X34.506 Y1.984 E0.0327 F1200
G1 X34.302 Y2.487 E0.0339 F1200
G1 X34.206 Y3.018 E0.0337 F1200
G1 X34.179 Y3.961 E0.0588 F1200
G1 X34.149 Y4.362 E0.0251 F1200
G1 X34.076 Y4.675 E0.0200 F1200
G1 X33.962 Y4.902 E0.0159 F1200
G1 X33.804 Y5.074 E0.0146 F1200
G1 X33.571 Y5.217 E0.0170 F1200
G1 X33.250 Y5.331 E0.0213 F1200
G1 X32.367 Y5.513 E0.0562 F1200
G1 X31.876 Y5.640 E0.0316 F1200
G1 X31.383 Y5.859 E0.0337 F1200
G1 X30.946 Y6.177 E0.0337 F1200
G1 X30.591 Y6.538 E0.0316 F1200
G1 X29.992 Y7.212 E0.0562 F1200
G1 X29.732 Y7.433 E0.0213 F1200
G1 X29.492 Y7.563 E0.0170 F1200
G1 X29.264 Y7.615 E0.0146 F1200
G1 X29.010 Y7.599 E0.0159 F1200
G1 X28.703 Y7.506 E0.0200 F1200
G1 X28.341 Y7.332 E0.0251 F1200
G1 X27.511 Y6.883 E0.0588 F1200
G1 X27.003 Y6.701 E0.0337 F1200
G1 X26.465 Y6.626 E0.0339 F1200
G1 X25.942 Y6.652 E0.0327 F1200
G1 X25.028 Y6.792 E0.0576 F1200
G1 X24.656 Y6.813 E0.0232 F1200
G1 X24.362 Y6.777 E0.0185 F1200
G1 X24.139 Y6.688 E0.0150 F1200
G1 X23.950 Y6.539 E0.0150 F1200
G1 X23.771 Y6.302 E0.0185 F1200
G1 X23.604 Y5.970 E0.0232 F1200
G1 X23.268 Y5.109 E0.0576 F1200
G1 X23.029 Y4.642 E0.0327 F1200
G1 X22.695 Y4.214 E0.0339 F1200
G1 X22.284 Y3.865 E0.0337 F1200
G1 X21.480 Y3.371 E0.0588 F1200
G1 X21.148 Y3.144 E0.0251 F1200
G1 X20.914 Y2.924 E0.0200 F1200
G1 X20.773 Y2.712 E0.0159 F1200
G1 X20.704 Y2.489 E0.0146 F1200
G1 X20.697 Y2.216 E0.0171 F1200
G1 X20.758 Y1.881 E0.0213 F1200
G1 X21.042 Y1.025 E0.0562 F1200
G1 X21.177 Y0.537 E0.0316 F1200
G1 X21.234 Y0.000 E0.0337 F1200
G1 X21.177 Y-0.537 E0.0337 F1200
G1 X21.042 Y-1.025 E0.0316 F1200
G1 X20.758 Y-1.881 E0.0562 F1200
G1 X20.697 Y-2.216 E0.0213 F1200
G1 X20.704 Y-2.489 E0.0171 F1200
G1 X20.773 Y-2.712 E0.0146 F1200
G1 X20.914 Y-2.924 E0.0159 F1200
G1 X21.148 Y-3.144 E0.0200 F1200
G1 X21.480 Y-3.371 E0.0251 F1200
G1 X22.284 Y-3.865 E0.0588 F1200
G1 X22.695 Y-4.214 E0.0337 F1200
G1 X23.029 Y-4.642 E0.0339 F1200
G1 X23.268 Y-5.109 E0.0327 F1200
G1 X23.604 Y-5.970 E0.0576 F1200
G1 X23.771 Y-6.302 E0.0232 F1200
G1 X23.950 Y-6.539 E0.0185 F1200
G1 X24.139 Y-6.688 E0.0150 F1200
G1 X24.362 Y-6.777 E0.0150 F1200
G1 X24.656 Y-6.813 E0.0185 F1200
G1 X25.028 Y-6.792 E0.0232 F1200
G1 X25.942 Y-6.652 E0.0576 F1200
G1 X26.465 Y-6.626 E0.0327 F1200
G1 X27.003 Y-6.701 E0.0339 F1200
G1 X27.511 Y-6.883 E0.0337 F1200
G1 X28.341 Y-7.332 E0.0588 F1200
G1 X28.703 Y-7.506 E0.0251 F1200
G1 X29.010 Y-7.599 E0.0200 F1200
G1 X29.264 Y-7.615 E0.0159 F1200
G1 X29.492 Y-7.563 E0.0146 F1200
G1 X29.732 Y-7.433 E0.0170 F1200
G1 X29.992 Y-7.212 E0.0213 F1200
G1 X30.591 Y-6.538 E0.0562 F1200
G1 X30.946 Y-6.177 E0.0316 F1200
G1 X31.383 Y-5.859 E0.0337 F1200
G1 X31.876 Y-5.640 E0.0337 F1200
G1 X32.367 Y-5.513 E0.0316 F1200
G0 X32.480 Y-6.000 Z3.300
G1 X33.385 Y-5.814 E0.0576 F960
G1 X33.788 Y-5.670 E0.0267 F960
G1 X34.124 Y-5.464 E0.0246 F960
G1 X34.378 Y-5.189 E0.0233 F960
G1 X34.549 Y-4.845 E0.0240 F960
G1 X34.644 Y-4.438 E0.0261 F960
G1 X34.678 Y-3.987 E0.0282 F960
G1 X34.704 Y-3.070 E0.0572 F960
G1 X34.785 Y-2.627 E0.0281 F960
G1 X34.951 Y-2.215 E0.0277 F960
G1 X35.197 Y-1.836 E0.0281 F960
G1 X35.773 Y-1.116 E0.0575 F960
G1 X36.015 Y-0.747 E0.0275 F960
G1 X36.173 Y-0.373 E0.0253 F960
G1 X36.227 Y0.000 E0.0235 F960
G1 X36.173 Y0.373 E0.0235 F960
G1 X36.015 Y0.747 E0.0253 F960
G1 X35.773 Y1.116 E0.0275 F960
G1 X35.197 Y1.836 E0.0575 F960
G1 X34.951 Y2.215 E0.0281 F960
G1 X34.785 Y2.627 E0.0277 F960
G1 X34.704 Y3.070 E0.0281 F960
G1 X34.678 Y3.987 E0.0572 F960
G1 X34.644 Y4.438 E0.0282 F960
G1 X34.549 Y4.845 E0.0261 F960
G1 X34.378 Y5.189 E0.0240 F960
G1 X34.124 Y5.464 E0.0233 F960
G1 X33.788 Y5.670 E0.0246 F960
G1 X33.385 Y5.814 E0.0267 F960
G1 X32.480 Y6.000 E0.0576 F960
G1 X32.042 Y6.114 E0.0282 F960
G1 X31.634 Y6.295 E0.0278 F960
G1 X31.274 Y6.557 E0.0278 F960
G1 X30.956 Y6.880 E0.0282 F960
G1 X30.343 Y7.570 E0.0576 F960
G1 X30.016 Y7.848 E0.0267 F960
G1 X29.669 Y8.035 E0.0246 F960
G1 X29.305 Y8.118 E0.0233 F960
G1 X28.921 Y8.095 E0.0240 F960
G1 X28.521 Y7.973 E0.0261 F960
G1 X28.114 Y7.777 E0.0282 F960
G1 X27.307 Y7.341 E0.0572 F960
G1 X26.883 Y7.189 E0.0281 F960
G1 X26.443 Y7.128 E0.0277 F960
G1 X25.992 Y7.151 E0.0281 F960
G1 X25.080 Y7.290 E0.0575 F960
G1 X24.640 Y7.315 E0.0275 F960
G1 X24.237 Y7.265 E0.0253 F960
G1 X23.886 Y7.125 E0.0235 F960
G1 X23.590 Y6.892 E0.0235 F960
G1 X23.345 Y6.568 E0.0253 F960
G1 X23.147 Y6.174 E0.0275 F960
G1 X22.811 Y5.314 E0.0575 F960
G1 X22.606 Y4.913 E0.0281 F960
G1 X22.333 Y4.562 E0.0277 F960
G1 X21.989 Y4.271 E0.0281 F960
G1 X21.208 Y3.790 E0.0572 F960
G1 X20.835 Y3.535 E0.0282 F960
G1 X20.529 Y3.249 E0.0261 F960
G1 X20.317 Y2.929 E0.0240 F960
G1 X20.206 Y2.572 E0.0233 F960
G1 X20.195 Y2.178 E0.0246 F960
G1 X20.272 Y1.756 E0.0267 F960
G1 X20.564 Y0.880 E0.0576 F960
G1 X20.685 Y0.443 E0.0282 F960
G1 X20.731 Y0.000 E0.0278 F960
G1 X20.685 Y-0.443 E0.0278 F960
G1 X20.564 Y-0.880 E0.0282 F960
G1 X20.272 Y-1.756 E0.0576 F960
G1 X20.195 Y-2.178 E0.0267 F960
G1 X20.206 Y-2.572 E0.0246 F960
G1 X20.317 Y-2.929 E0.0233 F960
G1 X20.529 Y-3.249 E0.0240 F960
G1 X20.835 Y-3.535 E0.0261 F960
G1 X21.208 Y-3.790 E0.0282 F960
G1 X21.989 Y-4.271 E0.0572 F960
G1 X22.333 Y-4.562 E0.0281 F960
G1 X22.606 Y-4.913 E0.0277 F960
G1 X22.811 Y-5.314 E0.0281 F960
G1 X23.147 Y-6.174 E0.0575 F960
G1 X23.345 Y-6.568 E0.0275 F960
G1 X23.590 Y-6.892 E0.0253 F960
G1 X23.886 Y-7.125 E0.0235 F960
G1 X24.237 Y-7.265 E0.0235 F960
G1 X24.640 Y-7.315 E0.0253 F960
G1 X25.080 Y-7.290 E0.0275 F960
G1 X25.992 Y-7.151 E0.0575 F960
G1 X26.443 Y-7.128 E0.0281 F960
G1 X26.883 Y-7.189 E0.0277 F960
G1 X27.307 Y-7.341 E0.0281 F960
G1 X28.114 Y-7.777 E0.0572 F960
G1 X28.521 Y-7.973 E0.0282 F960
G1 X28.921 Y-8.095 E0.0261 F960
G1 X29.305 Y-8.118 E0.0240 F960
G1 X29.669 Y-8.035 E0.0233 F960
G1 X30.016 Y-7.848 E0.0246 F960
G1 X30.343 Y-7.570 E0.0267 F960
G1 X30.956 Y-6.880 E0.0576 F960
G1 X31.274 Y-6.557 E0.0282 F960
G1 X31.634 Y-6.295 E0.0278 F960
G1 X32.042 Y-6.114 E0.0278 F960
G1 X32.480 Y-6.000 E0.0282 F960
G0 X32.010 Y-5.425 Z3.300
G1 X22.644 Y3.941 E0.8260 F1800
G1 E-0.8 F1800
G0 X21.008 Y2.750 Z3.300
G1 E0.8 F1800
G1 X30.328 Y-6.571 E0.8220 F1800
G1 E-0.8 F1800
G0 X27.733 Y-6.804 Z3.300
G1 E0.8 F1800
G1 X21.364 Y-0.435 E0.5617 F1800
G1 E-0.8 F1800
G0 X23.614 Y-5.513 Z3.300
G1 E0.8 F1800
G1 X24.594 Y-6.494 E0.0865 F1800
G1 E-0.8 F1800
G0 X33.933 Y-4.518 Z3.300
G1 E0.8 F1800
G1 X23.694 Y5.720 E0.9030 F1800
G1 E-0.8 F1800
G0 X25.736 Y6.507 Z3.300
G1 E0.8 F1800
G1 X34.291 Y-2.048 E0.7545 F1800
G1 E-0.8 F1800
G0 X35.442 Y-0.371 Z3.300
G1 E0.8 F1800
G1 X28.080 Y6.992 E0.6493 F1800
G1 E-0.8 F1800
G0 X32.616 Y5.283 Z3.300
G1 E0.8 F1800
G1 X34.006 Y3.894 E0.1225 F1800
; layer 12/22, z=3.600
G0 X34.179 Y3.961 Z3.600
G1 X34.149 Y4.362 E0.0251 F1200
G1 X34.076 Y4.675 E0.0200 F1200
G1 X33.962 Y4.902 E0.0159 F1200
G1 X33.804 Y5.074 E0.0146 F1200
G1 X33.571 Y5.217 E0.0170 F1200
G1 X33.250 Y5.331 E0.0213 F1200
G1 X32.367 Y5.513 E0.0562 F1200
G1 X31.876 Y5.640 E0.0316 F1200
G1 X31.383 Y5.859 E0.0337 F1200
G1 X30.946 Y6.177 E0.0337 F1200
G1 X30.591 Y6.538 E0.0316 F1200
G1 X29.992 Y7.212 E0.0562 F1200
G1 X29.732 Y7.433 E0.0213 F1200
G1 X29.492 Y7.563 E0.0170 F1200
G1 X29.264 Y7.615 E0.0146 F1200
G1 X29.010 Y7.599 E0.0159 F1200
G1 X28.703 Y7.506 E0.0200 F1200
G1 X28.341 Y7.332 E0.0251 F1200
G1 X27.511 Y6.883 E0.0588 F1200
G1 X27.003 Y6.701 E0.0337 F1200
G1 X26.465 Y6.626 E0.0339 F1200
G1 X25.942 Y6.652 E0.0327 F1200
G1 X25.028 Y6.792 E0.0576 F1200
G1 X24.656 Y6.813 E0.0232 F1200
G1 X24.362 Y6.777 E0.0185 F1200
G1 X24.139 Y6.688 E0.0150 F1200
G1 X23.950 Y6.539 E0.0150 F1200
G1 X23.771 Y6.302 E0.0185 F1200
G1 X23.604 Y5.970 E0.0232 F1200
G1 X23.268 Y5.109 E0.0576 F1200
G1 X23.029 Y4.642 E0.0327 F1200
G1 X22.695 Y4.214 E0.0339 F1200
G1 X22.284 Y3.865 E0.0337 F1200
G1 X21.480 Y3.371 E0.0588 F1200
G1 X21.148 Y3.144 E0.0251 F1200
G1 X20.914 Y2.924 E0.0200 F1200
G1 X20.773 Y2.712 E0.0159 F1200
G1 X20.704 Y2.489 E0.0146 F1200
G1 X20.697 Y2.216 E0.0171 F1200
G1 X20.758 Y1.881 E0.0213 F1200
G1 X21.042 Y1.025 E0.0562 F1200
G1 X21.177 Y0.537 E0.0316 F1200
G1 X21.234 Y0.000 E0.0337 F1200
G1 X21.177 Y-0.537 E0.0337 F1200
G1 X21.042 Y-1.025 E0.0316 F1200
G1 X20.758 Y-1.881 E0.0562 F1200
G1 X20.697 Y-2.216 E0.0213 F1200
G1 X20.704 Y-2.489 E0.0171 F1200
G1 X20.773 Y-2.712 E0.0146 F1200
G1 X20.914 Y-2.924 E0.0159 F1200
G1 X21.148 Y-3.144 E0.0200 F1200
G1 X21.480 Y-3.371 E0.0251 F1200
G1 X22.284 Y-3.865 E0.0588 F1200
G1 X22.695 Y-4.214 E0.0337 F1200
G1 X23.029 Y-4.642 E0.0339 F1200
G1 X23.268 Y-5.109 E0.0327 F1200
G1 X23.604 Y-5.970 E0.0576 F1200
G1 X23.771 Y-6.302 E0.0232 F1200
G1 X23.950 Y-6.539 E0.0185 F1200
G1 X24.139 Y-6.688 E0.0150 F1200
G1 X24.362 Y-6.777 E0.0150 F1200
G1 X24.656 Y-6.813 E0.0185 F1200
G1 X25.028 Y-6.792 E0.0232 F1200
G1 X25.942 Y-6.652 E0.0576 F1200
G1 X26.465 Y-6.626 E0.0327 F1200
G1 X27.003 Y-6.701 E0.0339 F1200
G1 X27.511 Y-6.883 E0.0337 F1200
G1 X28.341 Y-7.332 E0.0588 F1200
G1 X28.703 Y-7.506 E0.0251 F1200
G1 X29.010 Y-7.599 E0.0200 F1200
G1 X29.264 Y-7.615 E0.0159 F1200
G1 X29.492 Y-7.563 E0.0146 F1200
G1 X29.732 Y-7.433 E0.0170 F1200
G1 X29.992 Y-7.212 E0.0213 F1200
G1 X30.591 Y-6.538 E0.0562 F1200
G1 X30.946 Y-6.177 E0.0316 F1200
G1 X31.383 Y-5.859 E0.0337 F1200
G1 X31.876 Y-5.640 E0.0337 F1200
G1 X32.367 Y-5.513 E0.0316 F1200
G1 X33.250 Y-5.331 E0.0562 F1200
G1 X33.571 Y-5.217 E0.0213 F1200
G1 X33.804 Y-5.074 E0.0170 F1200
G1 X33.962 Y-4.902 E0.0146 F1200
G1 X34.076 Y-4.675 E0.0159 F1200
G1 X34.149 Y-4.362 E0.0200 F1200
G1 X34.179 Y-3.961 E0.0251 F1200
G1 X34.206 Y-3.018 E0.0588 F1200
G1 X34.302 Y-2.487 E0.0337 F1200
G1 X34.506 Y-1.984 E0.0339 F1200
G1 X34.790 Y-1.544 E0.0327 F1200
G1 X35.368 Y-0.822 E0.0576 F1200
G1 X35.572 Y-0.511 E0.0232 F1200
G1 X35.688 Y-0.238 E0.0185 F1200
G1 X35.722 Y0.000 E0.0150 F1200
G1 X35.688 Y0.238 E0.0150 F1200
G1 X35.572 Y0.511 E0.0185 F1200
G1 X35.368 Y0.822 E0.0232 F1200
G1 X34.790 Y1.544 E0.0576 F1200
G1 X34.506 Y1.984 E0.0327 F1200
G1 X34.302 Y2.487 E0.0339 F1200
G1 X34.206 Y3.018 E0.0337 F1200
G1 X34.179 Y3.961 E0.0588 F1200
G0 X34.678 Y3.987 Z3.600
G1 X34.644 Y4.438 E0.0282 F960
G1 X34.549 Y4.845 E0.0261 F960
G1 X34.378 Y5.189 E0.0240 F960
G1 X34.124 Y5.464 E0.0233 F960
G1 X33.788 Y5.670 E0.0246 F960
G1 X33.385 Y5.814 E0.0267 F960
G1 X32.480 Y6.000 E0.0576 F960
G1 X32.042 Y6.114 E0.0282 F960
G1 X31.634 Y6.295 E0.0278 F960
G1 X31.274 Y6.557 E0.0278 F960
G1 X30.956 Y6.880 E0.0282 F960
G1 X30.343 Y7.570 E0.0576 F960
G1 X30.016 Y7.848 E0.0267 F960
G1 X29.669 Y8.035 E0.0246 F960
G1 X29.305 Y8.118 E0.0233 F960
G1 X28.921 Y8.095 E0.0240 F960
G1 X28.521 Y7.973 E0.0261 F960
G1 X28.114 Y7.777 E0.0282 F960
G1 X27.307 Y7.341 E0.0572 F960
G1 X26.883 Y7.189 E0.0281 F960
G1 X26.443 Y7.128 E0.0277 F960
G1 X25.992 Y7.151 E0.0281 F960
G1 X25.080 Y7.290 E0.0575 F960
G1 X24.640 Y7.315 E0.0275 F960
G1 X24.237 Y7.265 E0.0253 F960
G1 X23.886 Y7.125 E0.0235 F960
G1 X23.590 Y6.892 E0.0235 F960
G1 X23.345 Y6.568 E0.0253 F960
G1 X23.147 Y6.174 E0.0275 F960
G1 X22.811 Y5.314 E0.0575 F960
G1 X22.606 Y4.913 E0.0281 F960
G1 X22.333 Y4.562 E0.0277 F960
G1 X21.989 Y4.271 E0.0281 F960
G1 X21.208 Y3.790 E0.0572 F960
G1 X20.835 Y3.535 E0.0282 F960
G1 X20.529 Y3.249 E0.0261 F960
G1 X20.317 Y2.929 E0.0240 F960
G1 X20.206 Y2.572 E0.0233 F960
G1 X20.195 Y2.178 E0.0246 F960
G1 X20.272 Y1.756 E0.0267 F960
G1 X20.564 Y0.880 E0.0576 F960
G1 X20.685 Y0.443 E0.0282 F960
G1 X20.731 Y0.000 E0.0278 F960
G1 X20.685 Y-0.443 E0.0278 F960
G1 X20.564 Y-0.880 E0.0282 F960
G1 X20.272 Y-1.756 E0.0576 F960
G1 X20.195 Y-2.178 E0.0267 F960
G1 X20.206 Y-2.572 E0.0246 F960
G1 X20.317 Y-2.929 E0.0233 F960
G1 X20.529 Y-3.249 E0.0240 F960
G1 X20.835 Y-3.535 E0.0261 F960
G1 X21.208 Y-3.790 E0.0282 F960
G1 X21.989 Y-4.271 E0.0572 F960
G1 X22.333 Y-4.562 E0.0281 F960
G1 X22.606 Y-4.913 E0.0277 F960
G1 X22.811 Y-5.314 E0.0281 F960
G1 X23.147 Y-6.174 E0.0575 F960
G1 X23.345 Y-6.568 E0.0275 F960
G1 X23.590 Y-6.892 E0.0253 F960
G1 X23.886 Y-7.125 E0.0235 F960
G1 X24.237 Y-7.265 E0.0235 F960
G1 X24.640 Y-7.315 E0.0253 F960
G1 X25.080 Y-7.290 E0.0275 F960
G1 X25.992 Y-7.151 E0.0575 F960
G1 X26.443 Y-7.128 E0.0281 F960
G1 X26.883 Y-7.189 E0.0277 F960
G1 X27.307 Y-7.341 E0.0281 F960
G1 X28.114 Y-7.777 E0.0572 F960
G1 X28.521 Y-7.973 E0.0282 F960
G1 X28.921 Y-8.095 E0.0261 F960
G1 X29.305 Y-8.118 E0.0240 F960
G1 X29.669 Y-8.035 E0.0233 F960
G1 X30.016 Y-7.848 E0.0246 F960
G1 X30.343 Y-7.570 E0.0267 F960
G1 X30.956 Y-6.880 E0.0576 F960
G1 X31.274 Y-6.557 E0.0282 F960
G1 X31.634 Y-6.295 E0.0278 F960
G1 X32.042 Y-6.114 E0.0278 F960
G1 X32.480 Y-6.000 E0.0282 F960
G1 X33.385 Y-5.814 E0.0576 F960
G1 X33.788 Y-5.670 E0.0267 F960
G1 X34.124 Y-5.464 E0.0246 F960
G1 X34.378 Y-5.189 E0.0233 F960
G1 X34.549 Y-4.845 E0.0240 F960
G1 X34.644 Y-4.438 E0.0261 F960
G1 X34.678 Y-3.987 E0.0282 F960
G1 X34.704 Y-3.070 E0.0572 F960
G1 X34.785 Y-2.627 E0.0281 F960
G1 X34.951 Y-2.215 E0.0277 F960
G1 X35.197 Y-1.836 E0.0281 F960
G1 X35.773 Y-1.116 E0.0575 F960
G1 X36.015 Y-0.747 E0.0275 F960
G1 X36.173 Y-0.373 E0.0253 F960
G1 X36.227 Y0.000 E0.0235 F960
G1 X36.173 Y0.373 E0.0235 F960
G1 X36.015 Y0.747 E0.0253 F960
G1 X35.773 Y1.116 E0.0275 F960
G1 X35.197 Y1.836 E0.0575 F960
G1 X34.951 Y2.215 E0.0281 F960
G1 X34.785 Y2.627 E0.0277 F960
G1 X34.704 Y3.070 E0.0281 F960
G1 X34.678 Y3.987 E0.0572 F960
G0 X34.006 Y3.885 Z3.600
G1 X33.726 Y3.605 E0.0247 F1200
G0 X34.025 Y3.197 Z3.600
G1 X33.747 Y2.918 E0.0246 F1200
G0 X34.153 Y1.910 Z3.600
G1 X26.288 Y-5.955 E0.6937 F1800
G0 X26.150 Y-6.093 Z3.600
G1 X25.736 Y-6.507 E0.0365 F1200
G0 X26.496 Y-6.454 Z3.600
G1 X26.913 Y-6.037 E0.0367 F1200
G0 X28.352 Y-6.719 Z3.600
G1 X35.305 Y0.234 E0.6132 F1800
G0 X35.467 Y-0.311 Z3.600
G1 X35.190 Y-0.588 E0.0244 F1200
G0 X34.774 Y-1.004 Z3.600
G1 X34.359 Y-1.419 E0.0366 F1200
G0 X34.026 Y-3.166 Z3.600
G1 X33.761 Y-3.432 E0.0234 F1200
G0 X34.006 Y-3.894 Z3.600
G1 X33.450 Y-4.449 E0.0490 F1200
G0 X33.033 Y-4.866 Z3.600
G1 X32.616 Y-5.283 E0.0368 F1200
G0 X32.036 Y-5.157 Z3.600
G1 X31.638 Y-5.555 E0.0351 F1200
G1 E-0.8 F1800
G0 X29.734 Y-6.751 Z3.600
G1 E0.8 F1800
G1 X29.059 Y-7.427 E0.0596 F1200
G0 X28.543 Y-7.235 Z3.600
G1 X28.959 Y-6.819 E0.0366 F1200
G1 E-0.8 F1800
G0 X24.693 Y-6.136 Z3.600
G1 E0.8 F1800
G1 X24.275 Y-6.553 E0.0369 F1200
G0 X23.971 Y-5.443 Z3.600
G1 X33.794 Y4.380 E0.8663 F1800
G0 X33.380 Y4.673 Z3.600
G1 X33.662 Y4.955 E0.0249 F1200
G0 X33.169 Y5.169 Z3.600
G1 X32.886 Y4.886 E0.0249 F1200
G0 X32.010 Y5.425 Z3.600
G1 X31.735 Y5.149 E0.0243 F1200
G0 X31.597 Y5.011 Z3.600
G1 X23.195 Y-3.391 E0.7410 F1800
G0 X23.057 Y-3.528 Z3.600
G1 X22.644 Y-3.941 E0.0364 F1200
G1 E-0.8 F1800
G0 X21.431 Y-2.326 Z3.600
G1 E0.8 F1800
G1 X21.008 Y-2.750 E0.0374 F1200
G0 X20.884 Y-2.167 Z3.600
G1 X21.574 Y-1.476 E0.0609 F1200
G0 X21.573 Y-2.185 Z3.600
G1 X30.187 Y6.430 E0.7597 F1800
G0 X29.719 Y6.669 Z3.600
G1 X29.995 Y6.945 E0.0244 F1200
G0 X29.632 Y7.289 Z3.600
G1 X29.350 Y7.007 E0.0248 F1200
G0 X29.063 Y7.427 Z3.600
G1 X28.789 Y7.153 E0.0242 F1200
G0 X27.733 Y6.804 Z3.600
G1 X27.180 Y6.251 E0.0488 F1200
G0 X27.041 Y6.112 Z3.600
G1 X21.641 Y0.712 E0.4762 F1800
G0 X21.795 Y0.159 Z3.600
G1 X21.383 Y-0.253 E0.0363 F1200
G1 E-0.8 F1800
G0 X20.898 Y2.090 Z3.600
G1 E0.8 F1800
G1 X21.317 Y2.509 E0.0370 F1200
G0 X22.016 Y3.208 Z3.600
G1 X23.833 Y5.025 E0.1603 F1200
G0 X23.614 Y5.513 Z3.600
G1 X24.734 Y6.634 E0.0988 F1200
G0 X26.431 Y6.209 Z3.600
G1 X26.705 Y6.483 E0.0241 F1200
; layer 13/22, z=3.900
G0 X26.488 Y6.516 Z3.900
G1 X25.971 Y6.542 E0.0323 F1200
G1 X25.071 Y6.680 E0.0568 F1200
G1 X24.707 Y6.701 E0.0228 F1200
G1 X24.419 Y6.665 E0.0180 F1200
G1 X24.202 Y6.578 E0.0146 F1200
G1 X24.018 Y6.433 E0.0146 F1200
G1 X23.844 Y6.203 E0.0180 F1200
G1 X23.680 Y5.876 E0.0228 F1200
G1 X23.349 Y5.028 E0.0568 F1200
G1 X23.113 Y4.567 E0.0323 F1200
G1 X22.782 Y4.143 E0.0335 F1200
G1 X22.380 Y3.802 E0.0329 F1200
G1 X21.249 Y3.080 E0.0837 F1200
G1 X21.028 Y2.874 E0.0189 F1200
G1 X20.891 Y2.667 E0.0154 F1200
G1 X20.824 Y2.450 E0.0141 F1200
G1 X20.817 Y2.184 E0.0166 F1200
G1 X20.878 Y1.850 E0.0212 F1200
G1 X21.289 Y0.544 E0.0854 F1200
G1 X21.346 Y0.000 E0.0341 F1200
G1 X21.289 Y-0.544 E0.0341 F1200
G1 X20.878 Y-1.850 E0.0854 F1200
G1 X20.817 Y-2.184 E0.0212 F1200
G1 X20.824 Y-2.450 E0.0166 F1200
G1 X20.891 Y-2.667 E0.0141 F1200
G1 X21.028 Y-2.874 E0.0154 F1200
G1 X21.249 Y-3.080 E0.0189 F1200
G1 X22.380 Y-3.802 E0.0837 F1200
G1 X22.782 Y-4.143 E0.0329 F1200
G1 X23.113 Y-4.567 E0.0335 F1200
G1 X23.349 Y-5.028 E0.0323 F1200
G1 X23.680 Y-5.876 E0.0568 F1200
G1 X23.844 Y-6.203 E0.0228 F1200
G1 X24.018 Y-6.433 E0.0180 F1200
G1 X24.202 Y-6.578 E0.0146 F1200
G1 X24.419 Y-6.665 E0.0146 F1200
G1 X24.707 Y-6.701 E0.0180 F1200
G1 X25.071 Y-6.680 E0.0228 F1200
G1 X25.971 Y-6.542 E0.0568 F1200
G1 X26.488 Y-6.516 E0.0323 F1200
G1 X27.020 Y-6.590 E0.0335 F1200
G1 X27.517 Y-6.768 E0.0329 F1200
G1 X28.708 Y-7.387 E0.0837 F1200
G1 X28.997 Y-7.475 E0.0189 F1200
G1 X29.245 Y-7.490 E0.0154 F1200
G1 X29.466 Y-7.440 E0.0141 F1200
G1 X29.700 Y-7.313 E0.0166 F1200
G1 X29.959 Y-7.093 E0.0212 F1200
G1 X30.885 Y-6.084 E0.0854 F1200
G1 X31.327 Y-5.762 E0.0341 F1200
G1 X31.827 Y-5.540 E0.0341 F1200
G1 X33.163 Y-5.243 E0.0854 F1200
G1 X33.483 Y-5.129 E0.0212 F1200
G1 X33.710 Y-4.989 E0.0166 F1200
G1 X33.864 Y-4.823 E0.0141 F1200
G1 X33.975 Y-4.601 E0.0154 F1200
G1 X34.043 Y-4.307 E0.0189 F1200
G1 X34.103 Y-2.966 E0.0837 F1200
G1 X34.197 Y-2.447 E0.0329 F1200
G1 X34.399 Y-1.949 E0.0335 F1200
G1 X34.680 Y-1.514 E0.0323 F1200
G1 X35.249 Y-0.803 E0.0568 F1200
G1 X35.450 Y-0.498 E0.0228 F1200
G1 X35.562 Y-0.232 E0.0180 F1200
G1 X35.596 Y0.000 E0.0146 F1200
G1 X35.562 Y0.232 E0.0146 F1200
G1 X35.450 Y0.498 E0.0180 F1200
G1 X35.249 Y0.803 E0.0228 F1200
G1 X34.680 Y1.514 E0.0568 F1200
G1 X34.399 Y1.949 E0.0323 F1200
G1 X34.197 Y2.447 E0.0335 F1200
G1 X34.103 Y2.966 E0.0329 F1200
G1 X34.043 Y4.307 E0.0837 F1200
G1 X33.975 Y4.601 E0.0189 F1200
G1 X33.864 Y4.823 E0.0154 F1200
G1 X33.710 Y4.989 E0.0141 F1200
G1 X33.483 Y5.129 E0.0166 F1200
G1 X33.163 Y5.243 E0.0212 F1200
G1 X31.827 Y5.540 E0.0854 F1200
G1 X31.327 Y5.762 E0.0341 F1200
G1 X30.885 Y6.084 E0.0341 F1200
G1 X29.959 Y7.093 E0.0854 F1200
G1 X29.700 Y7.313 E0.0212 F1200
G1 X29.466 Y7.440 E0.0166 F1200
G1 X29.245 Y7.490 E0.0141 F1200
G1 X28.997 Y7.475 E0.0154 F1200
G1 X28.708 Y7.387 E0.0189 F1200
G1 X27.517 Y6.768 E0.0837 F1200
G1 X27.020 Y6.590 E0.0329 F1200
G1 X26.488 Y6.516 E0.0335 F1200
G0 X26.466 Y7.018 Z3.900
G1 X26.022 Y7.040 E0.0278 F960
G1 X25.123 Y7.177 E0.0567 F960
G1 X24.690 Y7.202 E0.0271 F960
G1 X24.294 Y7.153 E0.0249 F960
G1 X23.950 Y7.016 E0.0231 F960
G1 X23.658 Y6.786 E0.0231 F960
G1 X23.418 Y6.468 E0.0249 F960
G1 X23.223 Y6.080 E0.0271 F960
G1 X22.892 Y5.233 E0.0567 F960
G1 X22.689 Y4.837 E0.0278 F960
G1 X22.420 Y4.492 E0.0273 F960
G1 X22.083 Y4.206 E0.0276 F960
G1 X20.941 Y3.477 E0.0845 F960
G1 X20.643 Y3.199 E0.0254 F960
G1 X20.435 Y2.883 E0.0236 F960
G1 X20.326 Y2.533 E0.0229 F960
G1 X20.315 Y2.145 E0.0242 F960
G1 X20.392 Y1.729 E0.0264 F960
G1 X20.797 Y0.442 E0.0842 F960
G1 X20.844 Y0.000 E0.0277 F960
G1 X20.797 Y-0.442 E0.0277 F960
G1 X20.392 Y-1.729 E0.0842 F960
G1 X20.315 Y-2.145 E0.0264 F960
G1 X20.326 Y-2.533 E0.0242 F960
G1 X20.435 Y-2.883 E0.0229 F960
G1 X20.643 Y-3.199 E0.0236 F960
G1 X20.941 Y-3.477 E0.0254 F960
G1 X22.083 Y-4.206 E0.0845 F960
G1 X22.420 Y-4.492 E0.0276 F960
G1 X22.689 Y-4.837 E0.0273 F960
G1 X22.892 Y-5.233 E0.0278 F960
G1 X23.223 Y-6.080 E0.0567 F960
G1 X23.418 Y-6.468 E0.0271 F960
G1 X23.658 Y-6.786 E0.0249 F960
G1 X23.950 Y-7.016 E0.0231 F960
G1 X24.294 Y-7.153 E0.0231 F960
G1 X24.690 Y-7.202 E0.0249 F960
G1 X25.123 Y-7.177 E0.0271 F960
G1 X26.022 Y-7.040 E0.0567 F960
G1 X26.466 Y-7.018 E0.0278 F960
G1 X26.900 Y-7.078 E0.0273 F960
G1 X27.316 Y-7.227 E0.0276 F960
G1 X28.518 Y-7.852 E0.0845 F960
G1 X28.908 Y-7.970 E0.0254 F960
G1 X29.285 Y-7.993 E0.0236 F960
G1 X29.643 Y-7.912 E0.0229 F960
G1 X29.984 Y-7.728 E0.0242 F960
G1 X30.307 Y-7.454 E0.0264 F960
G1 X31.219 Y-6.459 E0.0842 F960
G1 X31.578 Y-6.198 E0.0277 F960
G1 X31.984 Y-6.017 E0.0277 F960
G1 X33.302 Y-5.724 E0.0842 F960
G1 X33.700 Y-5.582 E0.0264 F960
G1 X34.031 Y-5.379 E0.0242 F960
G1 X34.280 Y-5.110 E0.0229 F960
G1 X34.448 Y-4.772 E0.0236 F960
G1 X34.541 Y-4.375 E0.0254 F960
G1 X34.601 Y-3.022 E0.0845 F960
G1 X34.680 Y-2.587 E0.0276 F960
G1 X34.845 Y-2.180 E0.0273 F960
G1 X35.086 Y-1.807 E0.0278 F960
G1 X35.654 Y-1.097 E0.0567 F960
G1 X35.893 Y-0.735 E0.0271 F960
G1 X36.048 Y-0.367 E0.0249 F960
G1 X36.101 Y0.000 E0.0231 F960
G1 X36.048 Y0.367 E0.0231 F960
G1 X35.893 Y0.735 E0.0249 F960
G1 X35.654 Y1.097 E0.0271 F960
G1 X35.086 Y1.807 E0.0567 F960
G1 X34.845 Y2.180 E0.0278 F960
G1 X34.680 Y2.587 E0.0273 F960
G1 X34.601 Y3.022 E0.0276 F960
G1 X34.541 Y4.375 E0.0845 F960
G1 X34.448 Y4.772 E0.0254 F960
G1 X34.280 Y5.110 E0.0236 F960
G1 X34.031 Y5.379 E0.0229 F960
G1 X33.700 Y5.582 E0.0242 F960
G1 X33.302 Y5.724 E0.0264 F960
G1 X31.984 Y6.017 E0.0842 F960
G1 X31.578 Y6.198 E0.0277 F960
G1 X31.219 Y6.459 E0.0277 F960
G1 X30.307 Y7.454 E0.0842 F960
G1 X29.984 Y7.728 E0.0264 F960
G1 X29.643 Y7.912 E0.0242 F960
G1 X29.285 Y7.993 E0.0229 F960
G1 X28.908 Y7.970 E0.0236 F960
G1 X28.518 Y7.852 E0.0254 F960
G1 X27.316 Y7.227 E0.0845 F960
G1 X26.900 Y7.078 E0.0276 F960
G1 X26.466 Y7.018 E0.0273 F960
G0 X26.595 Y6.354 Z3.900
G1 X27.017 Y5.933 E0.0372 F1200
G0 X27.191 Y6.466 Z3.900
G1 X27.613 Y6.044 E0.0372 F1200
G0 X28.109 Y6.255 Z3.900
G1 X27.699 Y6.665 E0.0362 F1200
G0 X28.164 Y6.907 Z3.900
G1 X28.579 Y6.492 E0.0366 F1200
G0 X28.717 Y6.354 Z3.900
G1 X34.384 Y0.687 E0.4998 F1800
G0 X34.522 Y0.549 Z3.900
G1 X35.352 Y-0.280 E0.0731 F1200
G0 X35.088 Y-0.724 Z3.900
G1 X34.541 Y-0.177 E0.0483 F1200
G0 X34.493 Y-0.836 Z3.900
G1 X34.774 Y-1.117 E0.0248 F1200
G0 X34.469 Y-1.519 Z3.900
G1 X34.187 Y-1.238 E0.0248 F1200
G0 X33.788 Y-1.545 Z3.900
G1 X26.417 Y5.826 E0.6500 F1800
G0 X26.278 Y5.965 Z3.900
G1 X25.861 Y6.382 E0.0368 F1200
G0 X25.731 Y5.805 Z3.900
G1 X25.029 Y6.507 E0.0619 F1200
G0 X24.371 Y6.457 Z3.900
G1 X25.074 Y5.755 E0.0619 F1200
G0 X24.425 Y5.696 Z3.900
G1 X24.001 Y6.120 E0.0374 F1200
G0 X23.775 Y5.639 Z3.900
G1 X24.194 Y5.220 E0.0370 F1200
G0 X24.334 Y5.080 Z3.900
G1 X33.138 Y-3.724 E0.7764 F1800
G0 X33.278 Y-3.863 Z3.900
G1 X33.837 Y-4.422 E0.0493 F1200
G0 X33.574 Y-4.867 Z3.900
G1 X33.019 Y-4.312 E0.0490 F1200
G0 X32.804 Y-4.804 Z3.900
G1 X33.082 Y-5.082 E0.0245 F1200
G0 X32.503 Y-5.210 Z3.900
G1 X31.948 Y-4.655 E0.0490 F1200
G0 X31.646 Y-5.060 Z3.900
G1 X31.925 Y-5.339 E0.0246 F1200
G0 X31.412 Y-5.533 Z3.900
G1 X31.136 Y-5.258 E0.0243 F1200
G0 X31.507 Y-4.921 Z3.900
G1 X23.280 Y3.306 E0.7255 F1800
G0 X23.141 Y3.445 Z3.900
G1 X22.723 Y3.863 E0.0369 F1200
G0 X23.068 Y4.225 Z3.900
G1 X23.484 Y3.809 E0.0367 F1200
G0 X23.768 Y4.232 Z3.900
G1 X23.351 Y4.649 E0.0368 F1200
G0 X23.577 Y5.130 Z3.900
G1 X23.993 Y4.714 E0.0367 F1200
G1 E-0.8 F1800
G0 X22.735 Y3.144 Z3.900
G1 E0.8 F1800
G1 X22.321 Y3.557 E0.0364 F1200
G0 X21.890 Y3.282 Z3.900
G1 X22.303 Y2.869 E0.0364 F1200
G0 X21.874 Y2.591 Z3.900
G1 X21.458 Y3.006 E0.0366 F1200
G0 X21.097 Y2.661 Z3.900
G1 X21.791 Y1.966 E0.0612 F1200
G0 X21.930 Y1.827 Z3.900
G1 X29.845 Y-6.088 E0.6981 F1800
G0 X29.984 Y-6.227 Z3.900
G1 X30.262 Y-6.504 E0.0245 F1200
G0 X30.600 Y-6.135 Z3.900
G1 X30.323 Y-5.858 E0.0244 F1200
G0 X30.699 Y-5.527 Z3.900
G1 X30.974 Y-5.803 E0.0243 F1200
G0 X29.923 Y-6.873 Z3.900
G1 X29.645 Y-6.595 E0.0245 F1200
G0 X29.542 Y-7.199 Z3.900
G1 X28.720 Y-6.377 E0.0725 F1200
G0 X28.898 Y-7.262 Z3.900
G1 X27.529 Y-5.893 E0.1207 F1200
G0 X27.508 Y-6.579 Z3.900
G1 X26.684 Y-5.755 E0.0727 F1200
G0 X26.547 Y-5.618 Z3.900
G1 X22.015 Y-1.086 E0.3997 F1800
G0 X21.877 Y-0.949 Z3.900
G1 X21.466 Y-0.537 E0.0363 F1200
G0 X21.303 Y-1.081 Z3.900
G1 X21.719 Y-1.497 E0.0367 F1200
G0 X21.134 Y-1.619 Z3.900
G1 X21.834 Y-2.319 E0.0617 F1200
G0 X20.994 Y-2.187 Z3.900
G1 X22.442 Y-3.634 E0.1277 F1200
G0 X22.813 Y-3.298 Z3.900
G1 X24.073 Y-4.558 E0.1111 F1200
G0 X23.193 Y-4.385 Z3.900
G1 X25.278 Y-6.471 E0.1839 F1200
G0 X25.612 Y-6.097 Z3.900
G1 X25.892 Y-6.377 E0.0247 F1200
G0 X26.296 Y-6.074 Z3.900
G1 X26.573 Y-6.351 E0.0245 F1200
G0 X24.613 Y-6.513 Z3.900
G1 X23.798 Y-5.697 E0.0719 F1200
G1 E-0.8 F1800
G0 X22.193 Y-0.557 Z3.900
G1 E0.8 F1800
G1 X21.509 Y0.127 E0.0603 F1200
G0 X22.281 Y0.062 Z3.900
G1 X21.322 Y1.021 E0.0846 F1200
G0 X21.997 Y1.053 Z3.900
G1 X21.023 Y2.027 E0.0859 F1200
G1 E-0.8 F1800
G0 X28.629 Y7.149 Z3.900
G1 E0.8 F1800
G1 X29.310 Y6.468 E0.0600 F1200
G0 X29.175 Y7.310 Z3.900
G1 X31.729 Y4.756 E0.2253 F1200
G0 X31.833 Y5.359 Z3.900
G1 X32.483 Y4.709 E0.0574 F1200
G0 X32.742 Y5.157 Z3.900
G1 X33.881 Y4.019 E0.1004 F1200
G0 X33.394 Y3.799 Z3.900
G1 X33.914 Y3.279 E0.0459 F1200
G0 X33.477 Y3.008 Z3.900
G1 X34.015 Y2.470 E0.0474 F1200
G0 X33.530 Y2.248 Z3.900
G1 X35.164 Y0.614 E0.1441 F1200
G1 E-0.8 F1800
G0 X33.927 Y-1.684 Z3.900
G1 E0.8 F1800
G1 X34.205 Y-1.962 E0.0245 F1200
G0 X34.014 Y-2.478 Z3.900
G1 X33.452 Y-1.917 E0.0495 F1200
G0 X33.641 Y-2.813 Z3.900
G1 X33.922 Y-3.094 E0.0248 F1200
G0 X33.609 Y-3.488 Z3.900
G1 X33.892 Y-3.771 E0.0249 F1200
; layer 14/22, z=4.200
G0 X33.758 Y-3.718 Z4.200
G1 X33.783 Y-2.830 E0.0554 F1200
G1 X33.875 Y-2.323 E0.0321 F1200
G1 X34.070 Y-1.842 E0.0324 F1200
G1 X34.341 Y-1.423 E0.0311 F1200
G1 X34.884 Y-0.745 E0.0542 F1200
G1 X35.072 Y-0.458 E0.0214 F1200
G1 X35.177 Y-0.211 E0.0167 F1200
G1 X35.207 Y0.000 E0.0133 F1200
G1 X35.177 Y0.211 E0.0133 F1200
G1 X35.072 Y0.458 E0.0167 F1200
G1 X34.884 Y0.745 E0.0214 F1200
G1 X34.341 Y1.423 E0.0542 F1200
G1 X34.070 Y1.842 E0.0311 F1200
G1 X33.875 Y2.323 E0.0324 F1200
G1 X33.783 Y2.830 E0.0321 F1200
G1 X33.758 Y3.718 E0.0554 F1200
G1 X33.730 Y4.090 E0.0233 F1200
G1 X33.664 Y4.375 E0.0183 F1200
G1 X33.562 Y4.578 E0.0142 F1200
G1 X33.422 Y4.730 E0.0129 F1200
G1 X33.213 Y4.859 E0.0153 F1200
G1 X32.919 Y4.964 E0.0195 F1200
G1 X32.091 Y5.134 E0.0527 F1200
G1 X31.626 Y5.254 E0.0300 F1200
G1 X31.155 Y5.464 E0.0322 F1200
G1 X30.738 Y5.767 E0.0322 F1200
G1 X30.400 Y6.110 E0.0300 F1200
G1 X29.839 Y6.741 E0.0527 F1200
G1 X29.601 Y6.944 E0.0195 F1200
G1 X29.385 Y7.061 E0.0153 F1200
G1 X29.184 Y7.106 E0.0129 F1200
G1 X28.957 Y7.092 E0.0142 F1200
G1 X28.677 Y7.007 E0.0183 F1200
G1 X28.341 Y6.846 E0.0233 F1200
G1 X27.559 Y6.423 E0.0554 F1200
G1 X27.074 Y6.250 E0.0321 F1200
G1 X26.560 Y6.178 E0.0324 F1200
G1 X26.062 Y6.203 E0.0311 F1200
G1 X25.204 Y6.334 E0.0542 F1200
G1 X24.861 Y6.354 E0.0214 F1200
G1 X24.595 Y6.321 E0.0167 F1200
G1 X24.396 Y6.242 E0.0133 F1200
G1 X24.229 Y6.109 E0.0133 F1200
G1 X24.067 Y5.895 E0.0167 F1200
G1 X23.913 Y5.589 E0.0214 F1200
G1 X23.597 Y4.780 E0.0542 F1200
G1 X23.370 Y4.336 E0.0311 F1200
G1 X23.050 Y3.926 E0.0324 F1200
G1 X22.658 Y3.593 E0.0321 F1200
G1 X21.901 Y3.128 E0.0554 F1200
G1 X21.593 Y2.917 E0.0233 F1200
G1 X21.379 Y2.717 E0.0183 F1200
G1 X21.254 Y2.528 E0.0142 F1200
G1 X21.193 Y2.331 E0.0129 F1200
G1 X21.186 Y2.085 E0.0153 F1200
G1 X21.242 Y1.778 E0.0195 F1200
G1 X21.508 Y0.976 E0.0527 F1200
G1 X21.637 Y0.513 E0.0300 F1200
G1 X21.691 Y0.000 E0.0322 F1200
G1 X21.637 Y-0.513 E0.0322 F1200
G1 X21.508 Y-0.976 E0.0300 F1200
G1 X21.242 Y-1.778 E0.0527 F1200
G1 X21.186 Y-2.085 E0.0195 F1200
G1 X21.193 Y-2.331 E0.0153 F1200
G1 X21.254 Y-2.528 E0.0129 F1200
G1 X21.379 Y-2.717 E0.0142 F1200
G1 X21.593 Y-2.917 E0.0183 F1200
G1 X21.901 Y-3.128 E0.0233 F1200
G1 X22.658 Y-3.593 E0.0554 F1200
G1 X23.050 Y-3.926 E0.0321 F1200
G1 X23.370 Y-4.336 E0.0324 F1200
G1 X23.597 Y-4.780 E0.0311 F1200
G1 X23.913 Y-5.589 E0.0542 F1200
G1 X24.067 Y-5.895 E0.0214 F1200
G1 X24.229 Y-6.109 E0.0167 F1200
G1 X24.396 Y-6.242 E0.0133 F1200
G1 X24.595 Y-6.321 E0.0133 F1200
G1 X24.861 Y-6.354 E0.0167 F1200
G1 X25.204 Y-6.334 E0.0214 F1200
G1 X26.062 Y-6.203 E0.0542 F1200
G1 X26.560 Y-6.178 E0.0311 F1200
G1 X27.074 Y-6.250 E0.0324 F1200
G1 X27.559 Y-6.423 E0.0321 F1200
G1 X28.341 Y-6.846 E0.0554 F1200
G1 X28.677 Y-7.007 E0.0233 F1200
G1 X28.957 Y-7.092 E0.0183 F1200
G1 X29.184 Y-7.106 E0.0142 F1200
G1 X29.385 Y-7.061 E0.0129 F1200
G1 X29.601 Y-6.944 E0.0153 F1200
G1 X29.839 Y-6.741 E0.0195 F1200
G1 X30.400 Y-6.110 E0.0527 F1200
G1 X30.738 Y-5.767 E0.0300 F1200
G1 X31.155 Y-5.464 E0.0322 F1200
G1 X31.626 Y-5.254 E0.0322 F1200
G1 X32.091 Y-5.134 E0.0300 F1200
G1 X32.919 Y-4.964 E0.0527 F1200
G1 X33.213 Y-4.859 E0.0195 F1200
G1 X33.422 Y-4.730 E0.0153 F1200
G1 X33.562 Y-4.578 E0.0129 F1200
G1 X33.664 Y-4.375 E0.0142 F1200
G1 X33.730 Y-4.090 E0.0183 F1200
G1 X33.758 Y-3.718 E0.0233 F1200
G0 X34.258 Y-3.744 Z4.200
G1 X34.282 Y-2.882 E0.0538 F960
G1 X34.358 Y-2.463 E0.0265 F960
G1 X34.516 Y-2.074 E0.0262 F960
G1 X34.747 Y-1.716 E0.0266 F960
G1 X35.289 Y-1.039 E0.0540 F960
G1 X35.515 Y-0.695 E0.0257 F960
G1 X35.662 Y-0.347 E0.0236 F960
G1 X35.712 Y0.000 E0.0218 F960
G1 X35.662 Y0.347 E0.0218 F960
G1 X35.515 Y0.695 E0.0236 F960
G1 X35.289 Y1.039 E0.0257 F960
G1 X34.747 Y1.716 E0.0540 F960
G1 X34.516 Y2.074 E0.0266 F960
G1 X34.358 Y2.463 E0.0262 F960
G1 X34.282 Y2.882 E0.0265 F960
G1 X34.258 Y3.744 E0.0538 F960
G1 X34.226 Y4.166 E0.0264 F960
G1 X34.137 Y4.546 E0.0243 F960
G1 X33.978 Y4.865 E0.0223 F960
G1 X33.742 Y5.120 E0.0216 F960
G1 X33.430 Y5.312 E0.0229 F960
G1 X33.054 Y5.446 E0.0249 F960
G1 X32.204 Y5.621 E0.0541 F960
G1 X31.791 Y5.728 E0.0266 F960
G1 X31.406 Y5.899 E0.0263 F960
G1 X31.065 Y6.147 E0.0263 F960
G1 X30.766 Y6.452 E0.0266 F960
G1 X30.190 Y7.100 E0.0541 F960
G1 X29.885 Y7.359 E0.0249 F960
G1 X29.563 Y7.533 E0.0229 F960
G1 X29.225 Y7.610 E0.0216 F960
G1 X28.868 Y7.588 E0.0223 F960
G1 X28.495 Y7.475 E0.0243 F960
G1 X28.114 Y7.291 E0.0264 F960
G1 X27.355 Y6.881 E0.0538 F960
G1 X26.954 Y6.738 E0.0265 F960
G1 X26.538 Y6.680 E0.0262 F960
G1 X26.112 Y6.701 E0.0266 F960
G1 X25.256 Y6.832 E0.0540 F960
G1 X24.844 Y6.856 E0.0257 F960
G1 X24.469 Y6.809 E0.0236 F960
G1 X24.144 Y6.679 E0.0218 F960
G1 X23.869 Y6.462 E0.0218 F960
G1 X23.641 Y6.161 E0.0236 F960
G1 X23.455 Y5.793 E0.0257 F960
G1 X23.140 Y4.985 E0.0540 F960
G1 X22.946 Y4.606 E0.0266 F960
G1 X22.688 Y4.274 E0.0262 F960
G1 X22.363 Y3.999 E0.0265 F960
G1 X21.629 Y3.547 E0.0538 F960
G1 X21.279 Y3.309 E0.0264 F960
G1 X20.995 Y3.042 E0.0243 F960
G1 X20.797 Y2.744 E0.0223 F960
G1 X20.695 Y2.413 E0.0216 F960
G1 X20.685 Y2.047 E0.0229 F960
G1 X20.757 Y1.653 E0.0249 F960
G1 X21.030 Y0.831 E0.0541 F960
G1 X21.144 Y0.419 E0.0266 F960
G1 X21.188 Y0.000 E0.0263 F960
G1 X21.144 Y-0.419 E0.0263 F960
G1 X21.030 Y-0.831 E0.0266 F960
G1 X20.757 Y-1.653 E0.0541 F960
G1 X20.685 Y-2.047 E0.0249 F960
G1 X20.695 Y-2.413 E0.0229 F960
G1 X20.797 Y-2.744 E0.0216 F960
G1 X20.995 Y-3.042 E0.0223 F960
G1 X21.279 Y-3.309 E0.0243 F960
G1 X21.629 Y-3.547 E0.0264 F960
G1 X22.363 Y-3.999 E0.0538 F960
G1 X22.688 Y-4.274 E0.0265 F960
G1 X22.946 Y-4.606 E0.0262 F960
G1 X23.140 Y-4.985 E0.0266 F960
G1 X23.455 Y-5.793 E0.0540 F960
G1 X23.641 Y-6.161 E0.0257 F960
G1 X23.869 Y-6.462 E0.0236 F960
G1 X24.144 Y-6.679 E0.0218 F960
G1 X24.469 Y-6.809 E0.0218 F960
G1 X24.844 Y-6.856 E0.0236 F960
G1 X25.256 Y-6.832 E0.0257 F960
G1 X26.112 Y-6.701 E0.0540 F960
G1 X26.538 Y-6.680 E0.0266 F960
G1 X26.954 Y-6.738 E0.0262 F960
G1 X27.355 Y-6.881 E0.0265 F960
G1 X28.114 Y-7.291 E0.0538 F960
G1 X28.495 Y-7.475 E0.0264 F960
G1 X28.868 Y-7.588 E0.0243 F960
G1 X29.225 Y-7.610 E0.0223 F960
G1 X29.563 Y-7.533 E0.0216 F960
G1 X29.885 Y-7.359 E0.0229 F960
G1 X30.190 Y-7.100 E0.0249 F960
G1 X30.766 Y-6.452 E0.0541 F960
G1 X31.065 Y-6.147 E0.0266 F960
G1 X31.406 Y-5.899 E0.0263 F960
G1 X31.791 Y-5.728 E0.0263 F960
G1 X32.204 Y-5.621 E0.0266 F960
G1 X33.054 Y-5.446 E0.0541 F960
G1 X33.430 Y-5.312 E0.0249 F960
G1 X33.742 Y-5.120 E0.0229 F960
G1 X33.978 Y-4.865 E0.0216 F960
G1 X34.137 Y-4.546 E0.0223 F960
G1 X34.226 Y-4.166 E0.0243 F960
G1 X34.258 Y-3.744 E0.0264 F960
G0 X33.586 Y-3.606 Z4.200
G1 X32.275 Y-4.917 E0.1156 F1200
G0 X31.504 Y-4.274 Z4.200
G1 X28.889 Y-6.889 E0.2306 F1200
G0 X28.395 Y-6.676 Z4.200
G1 X29.085 Y-5.986 E0.0609 F1200
G0 X29.224 Y-5.848 Z4.200
G1 X32.952 Y-2.119 E0.3288 F1800
G0 X33.090 Y-1.981 Z4.200
G1 X35.023 Y-0.048 E0.1705 F1200
G0 X34.847 Y0.483 Z4.200
G1 X33.465 Y-0.899 E0.1219 F1200
G0 X33.844 Y-1.934 Z4.200
G1 X33.018 Y-2.760 E0.0728 F1200
G0 X33.607 Y-2.879 Z4.200
G1 X31.260 Y-5.226 E0.2070 F1200
G1 E-0.8 F1800
G0 X28.627 Y-5.737 Z4.200
G1 E0.8 F1800
G1 X27.936 Y-6.428 E0.0609 F1200
G0 X27.456 Y-6.201 Z4.200
G1 X28.138 Y-5.519 E0.0601 F1200
G0 X27.606 Y-5.344 Z4.200
G1 X26.901 Y-6.049 E0.0622 F1200
G0 X26.223 Y-6.020 Z4.200
G1 X26.913 Y-5.330 E0.0608 F1200
G0 X27.051 Y-5.192 Z4.200
G1 X33.535 Y1.293 E0.5719 F1800
G0 X33.673 Y1.431 Z4.200
G1 X33.949 Y1.707 E0.0243 F1200
G0 X34.231 Y1.281 Z4.200
G1 X33.949 Y0.999 E0.0249 F1200
G0 X34.545 Y0.888 Z4.200
G1 X34.000 Y0.343 E0.0481 F1200
G0 X33.181 Y1.645 Z4.200
G1 X33.736 Y2.201 E0.0490 F1200
G0 X33.613 Y2.785 Z4.200
G1 X33.055 Y2.226 E0.0493 F1200
G0 X33.025 Y2.903 Z4.200
G1 X33.590 Y3.469 E0.0499 F1200
G0 X32.982 Y3.567 Z4.200
G1 X33.542 Y4.127 E0.0494 F1200
G0 X33.304 Y4.597 Z4.200
G1 X32.747 Y4.039 E0.0492 F1200
G0 X32.250 Y4.250 Z4.200
G1 X32.808 Y4.808 E0.0492 F1200
G0 X32.221 Y4.928 Z4.200
G1 X31.943 Y4.650 E0.0246 F1200
G0 X31.653 Y5.067 Z4.200
G1 X31.092 Y4.506 E0.0494 F1200
G0 X30.952 Y4.366 Z4.200
G1 X23.524 Y-3.062 E0.6551 F1800
G0 X23.383 Y-3.202 Z4.200
G1 X22.963 Y-3.623 E0.0371 F1200
G0 X23.314 Y-3.979 Z4.200
G1 X24.010 Y-3.283 E0.0614 F1200
G0 X24.297 Y-3.703 Z4.200
G1 X23.599 Y-4.401 E0.0615 F1200
G0 X23.825 Y-4.882 Z4.200
G1 X24.522 Y-4.185 E0.0615 F1200
G0 X24.583 Y-4.831 Z4.200
G1 X32.842 Y3.428 E0.7284 F1800
G1 E-0.8 F1800
G0 X31.152 Y5.273 Z4.200
G1 E0.8 F1800
G1 X30.597 Y4.719 E0.0489 F1200
G0 X30.451 Y5.279 Z4.200
G1 X30.729 Y5.557 E0.0245 F1200
G0 X30.363 Y5.899 Z4.200
G1 X30.083 Y5.619 E0.0247 F1200
G0 X29.468 Y5.711 Z4.200
G1 X30.026 Y6.268 E0.0491 F1200
G0 X29.689 Y6.639 Z4.200
G1 X29.125 Y6.075 E0.0498 F1200
G0 X29.329 Y5.572 Z4.200
G1 X22.224 Y-1.534 E0.6266 F1800
G0 X22.085 Y-1.673 Z4.200
G1 X21.388 Y-2.369 E0.0614 F1200
G0 X21.693 Y-2.771 Z4.200
G1 X22.392 Y-2.072 E0.0617 F1200
G0 X22.811 Y-2.360 Z4.200
G1 X22.117 Y-3.055 E0.0613 F1200
G0 X22.554 Y-3.324 Z4.200
G1 X22.970 Y-2.908 E0.0367 F1200
G1 E-0.8 F1800
G0 X21.503 Y-1.547 Z4.200
G1 E0.8 F1800
G1 X22.773 Y-0.277 E0.1120 F1200
G0 X22.775 Y0.432 Z4.200
G1 X21.811 Y-0.533 E0.0851 F1200
G0 X21.845 Y0.209 Z4.200
G1 X22.537 Y0.901 E0.0611 F1200
G0 X22.428 Y1.499 Z4.200
G1 X21.737 Y0.808 E0.0610 F1200
G0 X21.569 Y1.348 Z4.200
G1 X24.180 Y3.958 E0.2302 F1200
G0 X23.911 Y5.104 Z4.200
G1 X24.979 Y6.172 E0.0942 F1200
G0 X25.610 Y6.095 Z4.200
G1 X21.400 Y1.886 E0.3712 F1200
G0 X22.566 Y1.637 Z4.200
G1 X26.299 Y5.370 E0.3292 F1800
G0 X26.437 Y5.508 Z4.200
G1 X26.990 Y6.061 E0.0488 F1200
G0 X26.241 Y6.019 Z4.200
G1 X25.691 Y5.469 E0.0485 F1200
G0 X26.830 Y5.194 Z4.200
G1 X28.215 Y6.579 E0.1221 F1200
G0 X28.151 Y5.808 Z4.200
G1 X29.254 Y6.911 E0.0973 F1200
G1 E-0.8 F1800
G0 X26.104 Y-5.432 Z4.200
G1 E0.8 F1800
G1 X25.410 Y-6.126 E0.0612 F1200
G0 X25.373 Y-5.456 Z4.200
G1 X24.674 Y-6.154 E0.0616 F1200
G0 X24.260 Y-5.861 Z4.200
G1 X24.967 Y-5.154 E0.0623 F1200
G0 X24.443 Y-4.971 Z4.200
G1 X24.023 Y-5.391 E0.0370 F1200
; layer 15/22, z=4.500
G0 X24.181 Y-5.306 Z4.500
G1 X24.325 Y-5.581 E0.0194 F1200
G1 X24.474 Y-5.768 E0.0149 F1200
G1 X24.625 Y-5.881 E0.0118 F1200
G1 X24.809 Y-5.949 E0.0122 F1200
G1 X25.059 Y-5.976 E0.0157 F1200
G1 X25.386 Y-5.954 E0.0204 F1200
G1 X26.205 Y-5.832 E0.0516 F1200
G1 X26.686 Y-5.817 E0.0301 F1200
G1 X27.179 Y-5.896 E0.0311 F1200
G1 X27.637 Y-6.067 E0.0305 F1200
G1 X28.373 Y-6.463 E0.0521 F1200
G1 X28.682 Y-6.606 E0.0212 F1200
G1 X28.934 Y-6.677 E0.0164 F1200
G1 X29.135 Y-6.684 E0.0125 F1200
G1 X29.316 Y-6.638 E0.0116 F1200
G1 X29.515 Y-6.524 E0.0143 F1200
G1 X29.740 Y-6.329 E0.0185 F1200
G1 X30.275 Y-5.729 E0.0501 F1200
G1 X30.605 Y-5.403 E0.0289 F1200
G1 X31.012 Y-5.119 E0.0309 F1200
G1 X31.465 Y-4.927 E0.0307 F1200
G1 X31.905 Y-4.816 E0.0283 F1200
G1 X32.676 Y-4.651 E0.0492 F1200
G1 X32.938 Y-4.552 E0.0174 F1200
G1 X33.120 Y-4.433 E0.0136 F1200
G1 X33.242 Y-4.295 E0.0115 F1200
G1 X33.331 Y-4.105 E0.0131 F1200
G1 X33.390 Y-3.834 E0.0173 F1200
G1 X33.415 Y-3.478 E0.0222 F1200
G1 X33.445 Y-2.631 E0.0529 F1200
G1 X33.543 Y-2.143 E0.0310 F1200
G1 X33.739 Y-1.686 E0.0310 F1200
G1 X33.999 Y-1.292 E0.0294 F1200
G1 X34.505 Y-0.654 E0.0508 F1200
G1 X34.671 Y-0.392 E0.0194 F1200
G1 X34.759 Y-0.170 E0.0149 F1200
G1 X34.782 Y0.028 E0.0124 F1200
G1 X34.759 Y0.183 E0.0098 F1200
G1 X34.645 Y0.442 E0.0176 F1200
G1 X34.463 Y0.713 E0.0204 F1200
G1 X33.949 Y1.362 E0.0516 F1200
G1 X33.694 Y1.771 E0.0301 F1200
G1 X33.516 Y2.237 E0.0311 F1200
G1 X33.436 Y2.719 E0.0305 F1200
G1 X33.411 Y3.555 E0.0521 F1200
G1 X33.380 Y3.893 E0.0212 F1200
G1 X33.315 Y4.148 E0.0164 F1200
G1 X33.221 Y4.325 E0.0125 F1200
G1 X33.090 Y4.458 E0.0116 F1200
G1 X32.892 Y4.574 E0.0143 F1200
G1 X32.611 Y4.671 E0.0185 F1200
G1 X31.824 Y4.834 E0.0501 F1200
G1 X31.376 Y4.957 E0.0289 F1200
G1 X30.927 Y5.168 E0.0309 F1200
G1 X30.534 Y5.464 E0.0307 F1200
G1 X30.219 Y5.790 E0.0283 F1200
G1 X29.690 Y6.376 E0.0492 F1200
G1 X29.473 Y6.552 E0.0174 F1200
G1 X29.279 Y6.651 E0.0136 F1200
G1 X29.098 Y6.687 E0.0115 F1200
G1 X28.889 Y6.669 E0.0131 F1200
G1 X28.626 Y6.585 E0.0173 F1200
G1 X28.305 Y6.428 E0.0222 F1200
G1 X27.556 Y6.031 E0.0529 F1200
G1 X27.085 Y5.872 E0.0310 F1200
G1 X26.591 Y5.813 E0.0310 F1200
G1 X26.120 Y5.842 E0.0294 F1200
G1 X25.314 Y5.961 E0.0508 F1200
G1 X25.004 Y5.973 E0.0194 F1200
G1 X24.768 Y5.938 E0.0149 F1200
G1 X24.594 Y5.863 E0.0118 F1200
G1 X24.444 Y5.738 E0.0122 F1200
G1 X24.295 Y5.534 E0.0157 F1200
G1 X24.151 Y5.240 E0.0204 F1200
G1 X23.847 Y4.471 E0.0516 F1200
G1 X23.619 Y4.046 E0.0301 F1200
G1 X23.305 Y3.659 E0.0311 F1200
G1 X22.928 Y3.348 E0.0305 F1200
G1 X22.216 Y2.909 E0.0521 F1200
G1 X21.938 Y2.713 E0.0212 F1200
G1 X21.750 Y2.529 E0.0164 F1200
G1 X21.644 Y2.359 E0.0125 F1200
G1 X21.594 Y2.179 E0.0116 F1200
G1 X21.592 Y1.950 E0.0143 F1200
G1 X21.649 Y1.658 E0.0185 F1200
G1 X21.902 Y0.894 E0.0501 F1200
G1 X22.019 Y0.445 E0.0289 F1200
G1 X22.061 Y-0.049 E0.0309 F1200
G1 X22.001 Y-0.538 E0.0307 F1200
G1 X21.877 Y-0.973 E0.0283 F1200
G1 X21.634 Y-1.724 E0.0492 F1200
G1 X21.589 Y-2.000 E0.0174 F1200
G1 X21.600 Y-2.218 E0.0136 F1200
G1 X21.660 Y-2.392 E0.0115 F1200
G1 X21.780 Y-2.565 E0.0131 F1200
G1 X21.985 Y-2.751 E0.0173 F1200
G1 X22.281 Y-2.950 E0.0222 F1200
G1 X22.999 Y-3.400 E0.0529 F1200
G1 X23.372 Y-3.729 E0.0310 F1200
G1 X23.671 Y-4.127 E0.0310 F1200
G1 X23.881 Y-4.549 E0.0294 F1200
G1 X24.181 Y-5.306 E0.0508 F1200
G0 X23.726 Y-5.515 Z4.500
G1 X23.904 Y-5.855 E0.0240 F960
G1 X24.123 Y-6.130 E0.0219 F960
G1 X24.385 Y-6.325 E0.0204 F960
G1 X24.694 Y-6.440 E0.0205 F960
G1 X25.050 Y-6.477 E0.0223 F960
G1 X25.440 Y-6.451 E0.0244 F960
G1 X26.250 Y-6.331 E0.0511 F960
G1 X26.655 Y-6.318 E0.0253 F960
G1 X27.050 Y-6.381 E0.0250 F960
G1 X27.430 Y-6.523 E0.0253 F960
G1 X28.149 Y-6.911 E0.0510 F960
G1 X28.508 Y-7.077 E0.0247 F960
G1 X28.858 Y-7.175 E0.0226 F960
G1 X29.190 Y-7.186 E0.0207 F960
G1 X29.505 Y-7.105 E0.0203 F960
G1 X29.806 Y-6.934 E0.0216 F960
G1 X30.092 Y-6.685 E0.0236 F960
G1 X30.637 Y-6.073 E0.0511 F960
G1 X30.926 Y-5.789 E0.0253 F960
G1 X31.255 Y-5.559 E0.0250 F960
G1 X31.625 Y-5.402 E0.0251 F960
G1 X32.018 Y-5.303 E0.0253 F960
G1 X32.818 Y-5.132 E0.0510 F960
G1 X33.166 Y-5.001 E0.0232 F960
G1 X33.451 Y-4.815 E0.0213 F960
G1 X33.664 Y-4.571 E0.0202 F960
G1 X33.808 Y-4.266 E0.0210 F960
G1 X33.886 Y-3.905 E0.0230 F960
G1 X33.914 Y-3.504 E0.0250 F960
G1 X33.943 Y-2.690 E0.0508 F960
G1 X34.023 Y-2.293 E0.0253 F960
G1 X34.181 Y-1.924 E0.0250 F960
G1 X34.404 Y-1.586 E0.0253 F960
G1 X34.913 Y-0.944 E0.0511 F960
G1 X35.119 Y-0.619 E0.0240 F960
G1 X35.248 Y-0.293 E0.0219 F960
G1 X35.286 Y0.035 E0.0206 F960
G1 X35.244 Y0.323 E0.0181 F960
G1 X35.085 Y0.684 E0.0246 F960
G1 X34.867 Y1.008 E0.0244 F960
G1 X34.358 Y1.650 E0.0511 F960
G1 X34.144 Y1.994 E0.0253 F960
G1 X34.001 Y2.368 E0.0250 F960
G1 X33.935 Y2.768 E0.0253 F960
G1 X33.910 Y3.585 E0.0510 F960
G1 X33.875 Y3.979 E0.0247 F960
G1 X33.785 Y4.330 E0.0226 F960
G1 X33.628 Y4.623 E0.0207 F960
G1 X33.401 Y4.856 E0.0203 F960
G1 X33.102 Y5.031 E0.0216 F960
G1 X32.744 Y5.154 E0.0236 F960
G1 X31.941 Y5.320 E0.0511 F960
G1 X31.550 Y5.428 E0.0253 F960
G1 X31.187 Y5.598 E0.0250 F960
G1 X30.866 Y5.840 E0.0251 F960
G1 X30.584 Y6.131 E0.0253 F960
G1 X30.036 Y6.739 E0.0510 F960
G1 X29.748 Y6.974 E0.0232 F960
G1 X29.444 Y7.128 E0.0213 F960
G1 X29.126 Y7.191 E0.0202 F960
G1 X28.790 Y7.163 E0.0210 F960
G1 X28.439 Y7.050 E0.0230 F960
G1 X28.078 Y6.874 E0.0250 F960
G1 X27.358 Y6.492 E0.0508 F960
G1 X26.974 Y6.362 E0.0253 F960
G1 X26.576 Y6.315 E0.0250 F960
G1 X26.172 Y6.339 E0.0253 F960
G1 X25.361 Y6.459 E0.0511 F960
G1 X24.977 Y6.475 E0.0240 F960
G1 X24.630 Y6.423 E0.0219 F960
G1 X24.330 Y6.294 E0.0204 F960
G1 X24.076 Y6.083 E0.0205 F960
G1 X23.866 Y5.794 E0.0223 F960
G1 X23.693 Y5.443 E0.0244 F960
G1 X23.392 Y4.681 E0.0511 F960
G1 X23.201 Y4.324 E0.0253 F960
G1 X22.948 Y4.013 E0.0250 F960
G1 X22.636 Y3.756 E0.0253 F960
G1 X21.940 Y3.326 E0.0510 F960
G1 X21.617 Y3.098 E0.0247 F960
G1 X21.358 Y2.845 E0.0226 F960
G1 X21.182 Y2.563 E0.0207 F960
G1 X21.094 Y2.250 E0.0203 F960
G1 X21.092 Y1.903 E0.0216 F960
G1 X21.165 Y1.531 E0.0236 F960
G1 X21.422 Y0.753 E0.0511 F960
G1 X21.524 Y0.360 E0.0253 F960
G1 X21.558 Y-0.039 E0.0250 F960
G1 X21.509 Y-0.438 E0.0251 F960
G1 X21.398 Y-0.828 E0.0253 F960
G1 X21.146 Y-1.606 E0.0510 F960
G1 X21.087 Y-1.973 E0.0232 F960
G1 X21.105 Y-2.314 E0.0213 F960
G1 X21.209 Y-2.620 E0.0202 F960
G1 X21.402 Y-2.897 E0.0210 F960
G1 X21.675 Y-3.145 E0.0230 F960
G1 X22.008 Y-3.369 E0.0250 F960
G1 X22.699 Y-3.802 E0.0508 F960
G1 X23.003 Y-4.070 E0.0253 F960
G1 X23.243 Y-4.390 E0.0250 F960
G1 X23.424 Y-4.753 E0.0253 F960
G1 X23.726 Y-5.515 E0.0511 F960
G0 X24.073 Y-4.558 Z4.500
G1 X25.299 Y-5.784 E0.1081 F1200
G0 X25.920 Y-5.698 Z4.500
G1 X21.849 Y-1.627 E0.3590 F1200
G0 X22.022 Y-1.093 Z4.500
G1 X24.566 Y-3.637 E0.2244 F1200
G0 X24.700 Y-3.771 Z4.500
G1 X25.905 Y-4.976 E0.1063 F1800
G0 X26.039 Y-5.110 Z4.500
G1 X26.574 Y-5.645 E0.0472 F1200
G0 X27.444 Y-5.808 Z4.500
G1 X26.335 Y-4.699 E0.0978 F1200
G0 X27.156 Y-4.813 Z4.500
G1 X28.801 Y-6.458 E0.1451 F1200
G0 X29.423 Y-6.373 Z4.500
G1 X28.331 Y-5.281 E0.0963 F1200
G0 X28.812 Y-5.055 Z4.500
G1 X23.425 Y0.332 E0.4751 F1800
G0 X23.287 Y0.470 Z4.500
G1 X21.767 Y1.990 E0.1340 F1200
G0 X21.968 Y2.497 Z4.500
G1 X22.951 Y1.514 E0.0867 F1200
G0 X23.070 Y2.102 Z4.500
G1 X22.372 Y2.799 E0.0615 F1200
G0 X22.809 Y3.069 Z4.500
G1 X23.505 Y2.374 E0.0613 F1200
G0 X23.924 Y2.662 Z4.500
G1 X23.222 Y3.364 E0.0619 F1200
G0 X23.577 Y3.716 Z4.500
G1 X24.273 Y3.020 E0.0614 F1200
G0 X24.562 Y3.438 Z4.500
G1 X23.865 Y4.135 E0.0615 F1200
G0 X24.092 Y4.615 Z4.500
G1 X24.788 Y3.919 E0.0614 F1200
G0 X25.129 Y4.285 Z4.500
G1 X32.240 Y-2.826 E0.6272 F1800
G0 X32.380 Y-2.966 Z4.500
G1 X33.216 Y-3.802 E0.0738 F1200
G0 X33.006 Y-4.299 Z4.500
G1 X32.170 Y-3.463 E0.0737 F1200
G0 X31.951 Y-3.951 Z4.500
G1 X32.508 Y-4.508 E0.0492 F1200
G0 X31.926 Y-4.633 Z4.500
G1 X31.369 Y-4.076 E0.0491 F1200
G0 X30.803 Y-4.218 Z4.500
G1 X31.365 Y-4.779 E0.0495 F1200
G0 X30.878 Y-4.999 Z4.500
G1 X30.321 Y-4.443 E0.0491 F1200
G0 X30.663 Y-4.077 Z4.500
G1 X24.064 Y2.522 E0.5820 F1800
G1 E-0.8 F1800
G0 X24.989 Y4.425 Z4.500
G1 E0.8 F1800
G1 X24.292 Y5.122 E0.0615 F1200
G0 X24.543 Y5.578 Z4.500
G1 X25.527 Y4.595 E0.0867 F1200
G0 X25.996 Y4.833 Z4.500
G1 X25.031 Y5.797 E0.0851 F1200
G0 X25.828 Y5.708 Z4.500
G1 X26.816 Y4.720 E0.0871 F1200
G0 X27.558 Y4.685 Z4.500
G1 X26.604 Y5.638 E0.0841 F1200
G0 X27.218 Y5.732 Z4.500
G1 X27.922 Y5.028 E0.0621 F1200
G0 X27.694 Y4.548 Z4.500
G1 X33.007 Y-0.764 E0.4686 F1800
G0 X33.143 Y-0.901 Z4.500
G1 X33.688 Y-1.445 E0.0481 F1200
G0 X33.982 Y-1.032 Z4.500
G1 X33.418 Y-0.469 E0.0497 F1200
G0 X34.295 Y-0.638 Z4.500
G1 X33.201 Y0.456 E0.0965 F1200
G0 X33.797 Y1.274 Z4.500
G1 X32.446 Y2.625 E0.1192 F1200
G0 X32.311 Y2.760 Z4.500
G1 X31.365 Y3.706 E0.0834 F1800
G0 X31.230 Y3.841 Z4.500
G1 X28.663 Y6.408 E0.2264 F1200
G0 X28.193 Y6.171 Z4.500
G1 X29.162 Y5.202 E0.0854 F1200
G0 X28.415 Y5.242 Z4.500
G1 X27.731 Y5.926 E0.0603 F1200
G0 X29.369 Y6.409 Z4.500
G1 X29.932 Y5.846 E0.0497 F1200
G0 X30.529 Y5.249 Z4.500
G1 X33.298 Y2.480 E0.2442 F1200
G0 X33.245 Y3.240 Z4.500
G1 X31.831 Y4.654 E0.1247 F1200
G0 X32.756 Y4.436 Z4.500
G1 X33.165 Y4.027 E0.0361 F1200
G1 E-0.8 F1800
G0 X32.622 Y1.742 Z4.500
G1 E0.8 F1800
G1 X34.560 Y-0.196 E0.1709 F1200
G1 E-0.8 F1800
G0 X32.886 Y-1.350 Z4.500
G1 E0.8 F1800
G1 X33.450 Y-1.915 E0.0498 F1200
G0 X33.299 Y-2.470 Z4.500
G1 X32.472 Y-1.643 E0.0729 F1200
G0 X32.690 Y-2.569 Z4.500
G1 X33.252 Y-3.130 E0.0495 F1200
G1 E-0.8 F1800
G0 X30.466 Y-5.294 Z4.500
G1 E0.8 F1800
G1 X29.908 Y-4.736 E0.0492 F1200
G0 X29.551 Y-5.086 Z4.500
G1 X30.112 Y-5.648 E0.0495 F1200
G0 X29.779 Y-6.022 Z4.500
G1 X28.950 Y-5.193 E0.0731 F1200
G1 E-0.8 F1800
G0 X22.198 Y-2.683 Z4.500
G1 E0.8 F1800
G1 X21.813 Y-2.298 E0.0340 F1200
G0 X22.870 Y-1.234 Z4.500
G1 X22.177 Y-0.540 E0.0611 F1200
G0 X22.222 Y0.121 Z4.500
G1 X23.181 Y-0.838 E0.0846 F1200
G0 X23.280 Y-0.230 Z4.500
G1 X22.051 Y0.999 E0.1084 F1200
; layer 16/22, z=4.800
G0 X22.075 Y1.595 Z4.800
G1 X22.424 Y0.484 E0.0726 F1200
G1 X22.476 Y0.000 E0.0304 F1200
G1 X22.424 Y-0.484 E0.0304 F1200
G1 X22.075 Y-1.595 E0.0726 F1200
G1 X22.026 Y-1.860 E0.0168 F1200
G1 X22.032 Y-2.058 E0.0124 F1200
G1 X22.079 Y-2.211 E0.0100 F1200
G1 X22.179 Y-2.361 E0.0112 F1200
G1 X22.348 Y-2.520 E0.0145 F1200
G1 X23.305 Y-3.131 E0.0708 F1200
G1 X23.661 Y-3.432 E0.0291 F1200
G1 X23.967 Y-3.825 E0.0311 F1200
G1 X24.585 Y-5.210 E0.0946 F1200
G1 X24.708 Y-5.372 E0.0126 F1200
G1 X24.839 Y-5.475 E0.0104 F1200
G1 X24.994 Y-5.537 E0.0104 F1200
G1 X25.195 Y-5.562 E0.0126 F1200
G1 X26.704 Y-5.405 E0.0946 F1200
G1 X27.197 Y-5.474 E0.0311 F1200
G1 X27.636 Y-5.631 E0.0291 F1200
G1 X28.643 Y-6.154 E0.0708 F1200
G1 X28.866 Y-6.222 E0.0145 F1200
G1 X29.046 Y-6.233 E0.0112 F1200
G1 X29.202 Y-6.198 E0.0100 F1200
G1 X29.376 Y-6.103 E0.0124 F1200
G1 X29.581 Y-5.929 E0.0168 F1200
G1 X30.368 Y-5.071 E0.0726 F1200
G1 X30.762 Y-4.784 E0.0304 F1200
G1 X31.207 Y-4.586 E0.0304 F1200
G1 X32.344 Y-4.334 E0.0726 F1200
G1 X32.597 Y-4.243 E0.0168 F1200
G1 X32.766 Y-4.139 E0.0124 F1200
G1 X32.875 Y-4.022 E0.0100 F1200
G1 X32.956 Y-3.861 E0.0112 F1200
G1 X33.008 Y-3.634 E0.0145 F1200
G1 X33.059 Y-2.501 E0.0708 F1200
G1 X33.142 Y-2.042 E0.0291 F1200
G1 X33.329 Y-1.580 E0.0311 F1200
G1 X34.220 Y-0.352 E0.0946 F1200
G1 X34.298 Y-0.165 E0.0126 F1200
G1 X34.322 Y0.000 E0.0104 F1200
G1 X34.298 Y0.165 E0.0104 F1200
G1 X34.220 Y0.352 E0.0126 F1200
G1 X33.329 Y1.580 E0.0946 F1200
G1 X33.142 Y2.042 E0.0311 F1200
G1 X33.059 Y2.501 E0.0291 F1200
G1 X33.008 Y3.634 E0.0708 F1200
G1 X32.956 Y3.861 E0.0145 F1200
G1 X32.875 Y4.022 E0.0112 F1200
G1 X32.766 Y4.139 E0.0100 F1200
G1 X32.597 Y4.243 E0.0124 F1200
G1 X32.344 Y4.334 E0.0168 F1200
G1 X31.207 Y4.586 E0.0726 F1200
G1 X30.762 Y4.784 E0.0304 F1200
G1 X30.368 Y5.071 E0.0304 F1200
G1 X29.581 Y5.929 E0.0726 F1200
G1 X29.376 Y6.103 E0.0168 F1200
G1 X29.202 Y6.198 E0.0124 F1200
G1 X29.046 Y6.233 E0.0100 F1200
G1 X28.866 Y6.222 E0.0112 F1200
G1 X28.643 Y6.154 E0.0145 F1200
G1 X27.636 Y5.631 E0.0708 F1200
G1 X27.197 Y5.474 E0.0291 F1200
G1 X26.704 Y5.405 E0.0311 F1200
G1 X25.195 Y5.562 E0.0946 F1200
G1 X24.994 Y5.537 E0.0126 F1200
G1 X24.839 Y5.475 E0.0104 F1200
G1 X24.708 Y5.372 E0.0104 F1200
G1 X24.585 Y5.210 E0.0126 F1200
G1 X23.967 Y3.825 E0.0946 F1200
G1 X23.661 Y3.432 E0.0311 F1200
G1 X23.305 Y3.131 E0.0291 F1200
G1 X22.348 Y2.520 E0.0708 F1200
G1 X22.179 Y2.361 E0.0145 F1200
G1 X22.079 Y2.211 E0.0112 F1200
G1 X22.032 Y2.058 E0.0100 F1200
G1 X22.026 Y1.860 E0.0124 F1200
G1 X22.075 Y1.595 E0.0168 F1200
G0 X21.589 Y1.475 Z4.800
G1 X21.932 Y0.382 E0.0714 F960
G1 X21.973 Y0.000 E0.0240 F960
G1 X21.932 Y-0.382 E0.0240 F960
G1 X21.589 Y-1.475 E0.0714 F960
G1 X21.525 Y-1.821 E0.0220 F960
G1 X21.534 Y-2.141 E0.0199 F960
G1 X21.623 Y-2.427 E0.0187 F960
G1 X21.794 Y-2.686 E0.0194 F960
G1 X22.041 Y-2.917 E0.0210 F960
G1 X23.007 Y-3.534 E0.0715 F960
G1 X23.298 Y-3.780 E0.0238 F960
G1 X23.535 Y-4.085 E0.0241 F960
G1 X24.152 Y-5.466 E0.0944 F960
G1 X24.348 Y-5.725 E0.0202 F960
G1 X24.586 Y-5.913 E0.0189 F960
G1 X24.868 Y-6.025 E0.0189 F960
G1 X25.190 Y-6.065 E0.0202 F960
G1 X26.695 Y-5.909 E0.0944 F960
G1 X27.077 Y-5.962 E0.0241 F960
G1 X27.436 Y-6.091 E0.0238 F960
G1 X28.454 Y-6.619 E0.0715 F960
G1 X28.777 Y-6.717 E0.0210 F960
G1 X29.086 Y-6.736 E0.0194 F960
G1 X29.379 Y-6.670 E0.0187 F960
G1 X29.660 Y-6.518 E0.0199 F960
G1 X29.929 Y-6.290 E0.0220 F960
G1 X30.703 Y-5.446 E0.0714 F960
G1 X31.014 Y-5.220 E0.0240 F960
G1 X31.365 Y-5.064 E0.0240 F960
G1 X32.483 Y-4.815 E0.0714 F960
G1 X32.815 Y-4.697 E0.0220 F960
G1 X33.087 Y-4.529 E0.0199 F960
G1 X33.291 Y-4.309 E0.0187 F960
G1 X33.429 Y-4.031 E0.0194 F960
G1 X33.506 Y-3.703 E0.0210 F960
G1 X33.557 Y-2.557 E0.0715 F960
G1 X33.625 Y-2.182 E0.0238 F960
G1 X33.770 Y-1.824 E0.0241 F960
G1 X34.658 Y-0.599 E0.0944 F960
G1 X34.784 Y-0.301 E0.0202 F960
G1 X34.828 Y0.000 E0.0189 F960
G1 X34.784 Y0.301 E0.0189 F960
G1 X34.658 Y0.599 E0.0202 F960
G1 X33.770 Y1.824 E0.0944 F960
G1 X33.625 Y2.182 E0.0241 F960
G1 X33.557 Y2.557 E0.0238 F960
G1 X33.506 Y3.703 E0.0715 F960
G1 X33.429 Y4.031 E0.0210 F960
G1 X33.291 Y4.309 E0.0194 F960
G1 X33.087 Y4.529 E0.0187 F960
G1 X32.815 Y4.697 E0.0199 F960
G1 X32.483 Y4.815 E0.0220 F960
G1 X31.365 Y5.064 E0.0714 F960
G1 X31.014 Y5.220 E0.0240 F960
G1 X30.703 Y5.446 E0.0240 F960
G1 X29.929 Y6.290 E0.0714 F960
G1 X29.660 Y6.518 E0.0220 F960
G1 X29.379 Y6.670 E0.0199 F960
G1 X29.086 Y6.736 E0.0187 F960
G1 X28.777 Y6.717 E0.0194 F960
G1 X28.454 Y6.619 E0.0210 F960
G1 X27.436 Y6.091 E0.0715 F960
G1 X27.077 Y5.962 E0.0238 F960
G1 X26.695 Y5.909 E0.0241 F960
G1 X25.190 Y6.065 E0.0944 F960
G1 X24.868 Y6.025 E0.0202 F960
G1 X24.586 Y5.913 E0.0189 F960
G1 X24.348 Y5.725 E0.0189 F960
G1 X24.152 Y5.466 E0.0202 F960
G1 X23.535 Y4.085 E0.0944 F960
G1 X23.298 Y3.780 E0.0241 F960
G1 X23.007 Y3.534 E0.0238 F960
G1 X22.041 Y2.917 E0.0715 F960
G1 X21.794 Y2.686 E0.0210 F960
G1 X21.623 Y2.427 E0.0194 F960
G1 X21.534 Y2.141 E0.0187 F960
G1 X21.525 Y1.821 E0.0199 F960
G1 X21.589 Y1.475 E0.0220 F960
G0 X22.322 Y1.393 Z4.800
G1 X26.210 Y5.281 E0.3429 F1200
G0 X25.569 Y5.347 Z4.800
G1 X24.249 Y4.027 E0.1164 F1200
G0 X25.103 Y3.467 Z4.800
G1 X22.491 Y0.855 E0.2304 F1200
G0 X22.622 Y0.279 Z4.800
G1 X23.600 Y1.257 E0.0862 F1200
G0 X23.592 Y0.542 Z4.800
G1 X22.604 Y-0.446 E0.0871 F1200
G0 X22.302 Y-1.455 Z4.800
G1 X23.827 Y0.069 E0.1344 F1200
G0 X23.965 Y0.208 Z4.800
G1 X28.261 Y4.503 E0.3788 F1800
G0 X28.399 Y4.642 Z4.800
G1 X29.508 Y5.750 E0.0978 F1200
G0 X29.846 Y5.381 Z4.800
G1 X29.005 Y4.540 E0.0742 F1200
G0 X29.348 Y4.177 Z4.800
G1 X30.184 Y5.013 E0.0737 F1200
G0 X30.579 Y4.701 Z4.800
G1 X29.748 Y3.869 E0.0734 F1200
G0 X30.073 Y3.487 Z4.800
G1 X24.627 Y-1.958 E0.4803 F1800
G0 X24.488 Y-2.098 Z4.800
G1 X23.510 Y-3.075 E0.0862 F1200
G0 X23.873 Y-3.420 Z4.800
G1 X24.564 Y-2.729 E0.0609 F1200
G0 X25.132 Y-2.868 Z4.800
G1 X24.164 Y-3.836 E0.0854 F1200
G0 X24.382 Y-4.325 Z4.800
G1 X25.074 Y-3.634 E0.0610 F1200
G0 X25.562 Y-3.852 Z4.800
G1 X24.600 Y-4.814 E0.0848 F1200
G0 X24.856 Y-5.266 Z4.800
G1 X26.100 Y-4.022 E0.1097 F1200
G0 X25.699 Y-3.715 Z4.800
G1 X31.606 Y2.192 E0.5209 F1800
G0 X31.743 Y2.329 Z4.800
G1 X32.842 Y3.428 E0.0969 F1200
G0 X32.681 Y3.974 Z4.800
G1 X31.851 Y3.144 E0.0732 F1200
G0 X31.359 Y3.359 Z4.800
G1 X32.189 Y4.189 E0.0732 F1200
G0 X31.610 Y4.318 Z4.800
G1 X30.781 Y3.489 E0.0731 F1200
G0 X30.213 Y3.627 Z4.800
G1 X31.050 Y4.465 E0.0739 F1200
G1 E-0.8 F1800
G0 X32.872 Y2.751 Z4.800
G1 E0.8 F1800
G1 X31.767 Y1.645 E0.0975 F1200
G0 X32.119 Y1.290 Z4.800
G1 X32.950 Y2.121 E0.0733 F1200
G0 X33.133 Y1.598 Z4.800
G1 X32.308 Y0.773 E0.0727 F1200
G0 X32.572 Y0.329 Z4.800
G1 X33.411 Y1.169 E0.0740 F1200
G0 X33.708 Y0.759 Z4.800
G1 X32.306 Y-0.643 E0.1237 F1200
G0 X32.432 Y0.189 Z4.800
G1 X28.095 Y-4.147 E0.3825 F1800
G0 X27.955 Y-4.287 Z4.800
G1 X26.976 Y-5.266 E0.0864 F1200
G0 X27.539 Y-5.411 Z4.800
G1 X28.521 Y-4.429 E0.0866 F1200
G0 X27.497 Y-4.038 Z4.800
G1 X26.260 Y-5.275 E0.1091 F1200
G0 X25.471 Y-5.358 Z4.800
G1 X26.717 Y-4.111 E0.1099 F1200
G1 E-0.8 F1800
G0 X28.022 Y-5.635 Z4.800
G1 E0.8 F1800
G1 X30.334 Y-3.323 E0.2039 F1200
G0 X31.371 Y-2.993 Z4.800
G1 X28.488 Y-5.876 E0.2543 F1200
G0 X29.015 Y-6.056 Z4.800
G1 X32.950 Y-2.121 E0.3470 F1200
G0 X32.865 Y-2.913 Z4.800
G1 X31.418 Y-4.360 E0.1277 F1200
G0 X32.334 Y-4.152 Z4.800
G1 X32.822 Y-3.664 E0.0430 F1200
G0 X31.783 Y-2.581 Z4.800
G1 X33.981 Y-0.383 E0.1938 F1200
G0 X34.006 Y0.349 Z4.800
G1 X31.830 Y-1.827 E0.1919 F1200
G1 E-0.8 F1800
G0 X27.118 Y4.068 Z4.800
G1 E0.8 F1800
G1 X29.093 Y6.043 E0.1742 F1200
G0 X27.930 Y5.586 Z4.800
G1 X26.533 Y4.190 E0.1232 F1200
G0 X25.791 Y4.155 Z4.800
G1 X26.891 Y5.255 E0.0970 F1200
G1 E-0.8 F1800
G0 X22.862 Y2.640 Z4.800
G1 E0.8 F1800
G1 X22.205 Y1.983 E0.0580 F1200
G1 E-0.8 F1800
G0 X23.817 Y-0.647 Z4.800
G1 E0.8 F1800
G1 X22.275 Y-2.190 E0.1360 F1200
G0 X22.660 Y-2.511 Z4.800
G1 X23.636 Y-1.536 E0.0860 F1200
G0 X24.062 Y-1.816 Z4.800
G1 X23.092 Y-2.787 E0.0856 F1200
; layer 17/22, z=5.100
G0 X22.816 Y-2.317 Z5.100
G1 X23.708 Y-2.890 E0.0661 F1200
G1 X24.043 Y-3.187 E0.0279 F1200
G1 X24.313 Y-3.549 E0.0282 F1200
G1 X24.501 Y-3.928 E0.0264 F1200
G1 X24.762 Y-4.586 E0.0441 F1200
G1 X24.881 Y-4.811 E0.0159 F1200
G1 X24.997 Y-4.956 E0.0116 F1200
G1 X25.108 Y-5.038 E0.0086 F1200
G1 X25.244 Y-5.088 E0.0090 F1200
G1 X25.443 Y-5.109 E0.0125 F1200
G1 X25.716 Y-5.090 E0.0171 F1200
G1 X26.432 Y-4.985 E0.0451 F1200
G1 X26.867 Y-4.971 E0.0271 F1200
G1 X27.314 Y-5.044 E0.0283 F1200
G1 X27.727 Y-5.200 E0.0275 F1200
G1 X28.371 Y-5.546 E0.0456 F1200
G1 X28.630 Y-5.665 E0.0178 F1200
G1 X28.831 Y-5.721 E0.0130 F1200
G1 X28.980 Y-5.726 E0.0093 F1200
G1 X29.111 Y-5.692 E0.0085 F1200
G1 X29.266 Y-5.603 E0.0111 F1200
G1 X29.450 Y-5.442 E0.0152 F1200
G1 X29.915 Y-4.921 E0.0435 F1200
G1 X30.211 Y-4.630 E0.0260 F1200
G1 X30.581 Y-4.373 E0.0281 F1200
G1 X31.001 Y-4.196 E0.0284 F1200
G1 X32.046 Y-3.960 E0.0668 F1200
G1 X32.260 Y-3.878 E0.0143 F1200
G1 X32.398 Y-3.788 E0.0103 F1200
G1 X32.486 Y-3.687 E0.0083 F1200
G1 X32.553 Y-3.543 E0.0099 F1200
G1 X32.598 Y-3.331 E0.0135 F1200
G1 X32.649 Y-2.272 E0.0661 F1200
G1 X32.738 Y-1.834 E0.0279 F1200
G1 X32.917 Y-1.419 E0.0282 F1200
G1 X33.151 Y-1.066 E0.0264 F1200
G1 X33.590 Y-0.512 E0.0441 F1200
G1 X33.726 Y-0.296 E0.0159 F1200
G1 X33.794 Y-0.123 E0.0116 F1200
G1 X33.811 Y0.025 E0.0093 F1200
G1 X33.795 Y0.132 E0.0067 F1200
G1 X33.703 Y0.340 E0.0142 F1200
G1 X33.550 Y0.567 E0.0171 F1200
G1 X33.101 Y1.134 E0.0451 F1200
G1 X32.872 Y1.504 E0.0271 F1200
G1 X32.711 Y1.928 E0.0283 F1200
G1 X32.639 Y2.363 E0.0275 F1200
G1 X32.618 Y3.094 E0.0456 F1200
G1 X32.591 Y3.378 E0.0178 F1200
G1 X32.539 Y3.580 E0.0130 F1200
G1 X32.469 Y3.711 E0.0093 F1200
G1 X32.373 Y3.808 E0.0085 F1200
G1 X32.220 Y3.898 E0.0111 F1200
G1 X31.988 Y3.977 E0.0152 F1200
G1 X31.305 Y4.119 E0.0435 F1200
G1 X30.904 Y4.230 E0.0260 F1200
G1 X30.496 Y4.422 E0.0281 F1200
G1 X30.133 Y4.697 E0.0284 F1200
G1 X29.407 Y5.484 E0.0668 F1200
G1 X29.229 Y5.628 E0.0143 F1200
G1 X29.081 Y5.703 E0.0103 F1200
G1 X28.950 Y5.728 E0.0083 F1200
G1 X28.791 Y5.714 E0.0099 F1200
G1 X28.586 Y5.648 E0.0135 F1200
G1 X27.644 Y5.162 E0.0661 F1200
G1 X27.219 Y5.021 E0.0279 F1200
G1 X26.770 Y4.968 E0.0282 F1200
G1 X26.348 Y4.994 E0.0264 F1200
G1 X25.648 Y5.097 E0.0441 F1200
G1 X25.393 Y5.107 E0.0159 F1200
G1 X25.209 Y5.079 E0.0116 F1200
G1 X25.083 Y5.024 E0.0086 F1200
G1 X24.972 Y4.931 E0.0090 F1200
G1 X24.854 Y4.769 E0.0125 F1200
G1 X24.733 Y4.523 E0.0171 F1200
G1 X24.467 Y3.851 E0.0451 F1200
G1 X24.261 Y3.467 E0.0271 F1200
G1 X23.975 Y3.116 E0.0283 F1200
G1 X23.633 Y2.836 E0.0275 F1200
G1 X23.011 Y2.452 E0.0456 F1200
G1 X22.779 Y2.287 E0.0178 F1200
G1 X22.630 Y2.141 E0.0130 F1200
G1 X22.552 Y2.014 E0.0093 F1200
G1 X22.515 Y1.883 E0.0085 F1200
G1 X22.514 Y1.705 E0.0111 F1200
G1 X22.562 Y1.466 E0.0152 F1200
G1 X22.781 Y0.802 E0.0435 F1200
G1 X22.885 Y0.400 E0.0260 F1200
G1 X22.922 Y-0.049 E0.0281 F1200
G1 X22.866 Y-0.501 E0.0284 F1200
G1 X22.548 Y-1.524 E0.0668 F1200
G1 X22.511 Y-1.750 E0.0143 F1200
G1 X22.521 Y-1.915 E0.0103 F1200
G1 X22.564 Y-2.041 E0.0083 F1200
G1 X22.656 Y-2.172 E0.0099 F1200
G1 X22.816 Y-2.317 E0.0135 F1200
G0 X22.511 Y-2.715 Z5.100
G1 X23.405 Y-3.290 E0.0663 F960
G1 X23.673 Y-3.527 E0.0223 F960
G1 X23.885 Y-3.812 E0.0222 F960
G1 X24.044 Y-4.132 E0.0223 F960
G1 X24.307 Y-4.795 E0.0445 F960
G1 X24.461 Y-5.086 E0.0206 F960
G1 X24.647 Y-5.320 E0.0186 F960
G1 X24.869 Y-5.483 E0.0172 F960
G1 X25.130 Y-5.579 E0.0174 F960
G1 X25.434 Y-5.611 E0.0190 F960
G1 X25.770 Y-5.588 E0.0210 F960
G1 X26.476 Y-5.484 E0.0445 F960
G1 X26.834 Y-5.473 E0.0223 F960
G1 X27.184 Y-5.530 E0.0222 F960
G1 X27.520 Y-5.656 E0.0223 F960
G1 X28.148 Y-5.994 E0.0445 F960
G1 X28.457 Y-6.136 E0.0212 F960
G1 X28.755 Y-6.219 E0.0193 F960
G1 X29.036 Y-6.228 E0.0175 F960
G1 X29.301 Y-6.159 E0.0171 F960
G1 X29.557 Y-6.013 E0.0184 F960
G1 X29.802 Y-5.798 E0.0203 F960
G1 X30.277 Y-5.266 E0.0445 F960
G1 X30.531 Y-5.016 E0.0223 F960
G1 X30.824 Y-4.813 E0.0222 F960
G1 X31.154 Y-4.674 E0.0224 F960
G1 X32.191 Y-4.440 E0.0663 F960
G1 X32.488 Y-4.326 E0.0199 F960
G1 X32.730 Y-4.168 E0.0180 F960
G1 X32.909 Y-3.962 E0.0170 F960
G1 X33.030 Y-3.703 E0.0178 F960
G1 X33.096 Y-3.396 E0.0196 F960
G1 X33.147 Y-2.335 E0.0663 F960
G1 X33.218 Y-1.984 E0.0223 F960
G1 X33.358 Y-1.658 E0.0222 F960
G1 X33.556 Y-1.360 E0.0223 F960
G1 X33.999 Y-0.801 E0.0445 F960
G1 X34.175 Y-0.522 E0.0206 F960
G1 X34.283 Y-0.244 E0.0186 F960
G1 X34.315 Y0.033 E0.0174 F960
G1 X34.280 Y0.272 E0.0150 F960
G1 X34.142 Y0.583 E0.0212 F960
G1 X33.954 Y0.863 E0.0210 F960
G1 X33.511 Y1.422 E0.0445 F960
G1 X33.323 Y1.726 E0.0223 F960
G1 X33.197 Y2.059 E0.0222 F960
G1 X33.138 Y2.412 E0.0223 F960
G1 X33.117 Y3.125 E0.0445 F960
G1 X33.086 Y3.464 E0.0212 F960
G1 X33.008 Y3.763 E0.0193 F960
G1 X32.875 Y4.011 E0.0175 F960
G1 X32.683 Y4.206 E0.0171 F960
G1 X32.428 Y4.355 E0.0184 F960
G1 X32.120 Y4.460 E0.0203 F960
G1 X31.422 Y4.605 E0.0445 F960
G1 X31.078 Y4.700 E0.0223 F960
G1 X30.757 Y4.852 E0.0222 F960
G1 X30.471 Y5.069 E0.0224 F960
G1 X29.750 Y5.849 E0.0663 F960
G1 X29.502 Y6.050 E0.0199 F960
G1 X29.245 Y6.180 E0.0180 F960
G1 X28.976 Y6.232 E0.0170 F960
G1 X28.692 Y6.208 E0.0178 F960
G1 X28.393 Y6.111 E0.0196 F960
G1 X27.449 Y5.624 E0.0663 F960
G1 X27.109 Y5.511 E0.0223 F960
G1 X26.756 Y5.469 E0.0222 F960
G1 X26.400 Y5.492 E0.0223 F960
G1 X25.694 Y5.596 E0.0445 F960
G1 X25.365 Y5.608 E0.0206 F960
G1 X25.070 Y5.564 E0.0186 F960
G1 X24.817 Y5.454 E0.0172 F960
G1 X24.603 Y5.275 E0.0174 F960
G1 X24.424 Y5.028 E0.0190 F960
G1 X24.276 Y4.725 E0.0210 F960
G1 X24.013 Y4.062 E0.0445 F960
G1 X23.844 Y3.746 E0.0223 F960
G1 X23.619 Y3.471 E0.0222 F960
G1 X23.342 Y3.244 E0.0223 F960
G1 X22.735 Y2.869 E0.0445 F960
G1 X22.457 Y2.672 E0.0212 F960
G1 X22.237 Y2.455 E0.0193 F960
G1 X22.089 Y2.217 E0.0175 F960
G1 X22.016 Y1.952 E0.0171 F960
G1 X22.014 Y1.658 E0.0184 F960
G1 X22.077 Y1.338 E0.0203 F960
G1 X22.301 Y0.661 E0.0445 F960
G1 X22.390 Y0.316 E0.0223 F960
G1 X22.420 Y-0.039 E0.0222 F960
G1 X22.375 Y-0.395 E0.0224 F960
G1 X22.060 Y-1.409 E0.0663 F960
G1 X22.009 Y-1.724 E0.0199 F960
G1 X22.025 Y-2.012 E0.0180 F960
G1 X22.114 Y-2.271 E0.0170 F960
G1 X22.278 Y-2.505 E0.0178 F960
G1 X22.511 Y-2.715 E0.0196 F960
G0 X23.437 Y-2.508 Z5.100
G1 X22.687 Y-1.758 E0.0661 F1200
G0 X22.833 Y-1.197 Z5.100
G1 X26.445 Y-4.809 E0.3186 F1200
G0 X25.826 Y-4.897 Z5.100
G1 X24.538 Y-3.609 E0.1136 F1200
G1 E-0.8 F1800
G0 X26.891 Y-3.133 Z5.100
G1 E0.8 F1800
G1 X24.589 Y-0.831 E0.2030 F1800
G0 X24.453 Y-0.696 Z5.100
G1 X22.964 Y0.794 E0.1314 F1200
G0 X23.098 Y-0.047 Z5.100
G1 X28.429 Y-5.378 E0.4702 F1200
G0 X29.192 Y-5.435 Z5.100
G1 X27.026 Y-3.269 E0.1911 F1200
G0 X27.623 Y-3.158 Z5.100
G1 X29.541 Y-5.077 E0.1692 F1200
G0 X29.881 Y-4.709 Z5.100
G1 X29.051 Y-3.879 E0.0732 F1200
G0 X29.437 Y-3.558 Z5.100
G1 X30.261 Y-4.382 E0.0727 F1200
G0 X30.713 Y-4.127 Z5.100
G1 X29.611 Y-3.025 E0.0972 F1200
G0 X29.473 Y-2.887 Z5.100
G1 X25.200 Y1.386 E0.3768 F1800
G0 X25.062 Y1.524 Z5.100
G1 X23.822 Y2.764 E0.1094 F1200
G0 X24.190 Y3.103 Z5.100
G1 X25.461 Y1.832 E0.1121 F1200
G0 X25.756 Y2.244 Z5.100
G1 X24.485 Y3.515 E0.1121 F1200
G0 X24.712 Y3.995 Z5.100
G1 X25.980 Y2.727 E0.1118 F1200
G0 X26.309 Y3.105 Z5.100
G1 X30.906 Y-1.491 E0.4054 F1800
G0 X31.045 Y-1.631 Z5.100
G1 X32.438 Y-3.024 E0.1228 F1200
G0 X32.319 Y-3.612 Z5.100
G1 X31.192 Y-2.485 E0.0994 F1200
G0 X30.700 Y-2.700 Z5.100
G1 X31.829 Y-3.829 E0.0996 F1200
G0 X31.253 Y-3.960 Z5.100
G1 X30.123 Y-2.830 E0.0997 F1200
G1 E-0.8 F1800
G0 X31.356 Y-1.234 Z5.100
G1 E0.8 F1800
G1 X32.470 Y-2.349 E0.0983 F1200
G0 X32.582 Y-1.754 Z5.100
G1 X31.477 Y-0.649 E0.0974 F1200
G0 X31.703 Y-0.168 Z5.100
G1 X32.806 Y-1.270 E0.0972 F1200
G0 X33.096 Y-0.854 Z5.100
G1 X31.457 Y0.785 E0.1446 F1200
G0 X31.321 Y0.922 Z5.100
G1 X28.725 Y3.517 E0.2289 F1800
G0 X28.589 Y3.654 Z5.100
G1 X27.360 Y4.883 E0.1084 F1200
G0 X27.868 Y5.081 Z5.100
G1 X30.223 Y2.727 E0.2077 F1200
G0 X31.193 Y1.757 Z5.100
G1 X33.409 Y-0.459 E0.1954 F1200
G0 X33.634 Y0.023 Z5.100
G1 X28.335 Y5.322 E0.4674 F1200
G0 X28.823 Y5.541 Z5.100
G1 X32.578 Y1.786 E0.3312 F1200
G0 X32.457 Y2.614 Z5.100
G1 X31.068 Y4.003 E0.1224 F1200
G0 X31.985 Y3.793 Z5.100
G1 X32.414 Y3.364 E0.0379 F1200
G1 E-0.8 F1800
G0 X28.257 Y3.278 Z5.100
G1 E0.8 F1800
G1 X26.741 Y4.794 E0.1337 F1200
G0 X25.953 Y4.875 Z5.100
G1 X27.749 Y3.080 E0.1583 F1200
G0 X27.037 Y3.084 Z5.100
G1 X25.226 Y4.895 E0.1597 F1200
G0 X24.916 Y4.498 Z5.100
G1 X26.170 Y3.244 E0.1106 F1200
G1 E-0.8 F1800
G0 X24.631 Y1.247 Z5.100
G1 E0.8 F1800
G1 X23.395 Y2.483 E0.1090 F1200
G0 X22.966 Y2.205 Z5.100
G1 X24.764 Y0.408 E0.1586 F1200
G0 X24.745 Y-0.281 Z5.100
G1 X22.690 Y1.775 E0.1813 F1200
G1 E-0.8 F1800
G0 X23.000 Y-0.657 Z5.100
G1 E0.8 F1800
G1 X27.190 Y-4.847 E0.3695 F1200
; layer 18/22, z=5.400
G0 X27.347 Y-4.529 Z5.400
G1 X27.743 Y-4.671 E0.0263 F1200
G1 X28.341 Y-4.994 E0.0424 F1200
G1 X28.577 Y-5.108 E0.0164 F1200
G1 X28.754 Y-5.162 E0.0115 F1200
G1 X28.877 Y-5.169 E0.0077 F1200
G1 X28.978 Y-5.146 E0.0065 F1200
G1 X29.102 Y-5.079 E0.0088 F1200
G1 X29.257 Y-4.948 E0.0127 F1200
G1 X29.674 Y-4.478 E0.0392 F1200
G1 X29.942 Y-4.206 E0.0238 F1200
G1 X30.284 Y-3.957 E0.0264 F1200
G1 X30.671 Y-3.785 E0.0264 F1200
G1 X31.041 Y-3.689 E0.0238 F1200
G1 X31.657 Y-3.562 E0.0392 F1200
G1 X31.848 Y-3.494 E0.0127 F1200
G1 X31.968 Y-3.420 E0.0088 F1200
G1 X32.038 Y-3.344 E0.0065 F1200
G1 X32.093 Y-3.234 E0.0077 F1200
G1 X32.135 Y-3.054 E0.0115 F1200
G1 X32.155 Y-2.792 E0.0164 F1200
G1 X32.174 Y-2.113 E0.0424 F1200
G1 X32.249 Y-1.699 E0.0263 F1200
G1 X32.410 Y-1.302 E0.0267 F1200
G1 X32.628 Y-0.964 E0.0251 F1200
G1 X33.038 Y-0.453 E0.0409 F1200
G1 X33.166 Y-0.258 E0.0145 F1200
G1 X33.229 Y-0.109 E0.0101 F1200
G1 X33.244 Y0.000 E0.0069 F1200
G1 X33.229 Y0.109 E0.0069 F1200
G1 X33.166 Y0.258 E0.0101 F1200
G1 X33.038 Y0.453 E0.0145 F1200
G1 X32.628 Y0.964 E0.0409 F1200
G1 X32.410 Y1.302 E0.0251 F1200
G1 X32.249 Y1.699 E0.0267 F1200
G1 X32.174 Y2.113 E0.0263 F1200
G1 X32.155 Y2.792 E0.0424 F1200
G1 X32.135 Y3.054 E0.0164 F1200
G1 X32.093 Y3.234 E0.0115 F1200
G1 X32.038 Y3.344 E0.0077 F1200
G1 X31.968 Y3.420 E0.0065 F1200
G1 X31.848 Y3.494 E0.0088 F1200
G1 X31.657 Y3.562 E0.0127 F1200
G1 X31.041 Y3.689 E0.0392 F1200
G1 X30.671 Y3.785 E0.0238 F1200
G1 X30.284 Y3.957 E0.0264 F1200
G1 X29.942 Y4.206 E0.0264 F1200
G1 X29.674 Y4.478 E0.0238 F1200
G1 X29.257 Y4.948 E0.0392 F1200
G1 X29.102 Y5.079 E0.0127 F1200
G1 X28.978 Y5.146 E0.0088 F1200
G1 X28.877 Y5.169 E0.0065 F1200
G1 X28.754 Y5.162 E0.0077 F1200
G1 X28.577 Y5.108 E0.0115 F1200
G1 X28.341 Y4.994 E0.0164 F1200
G1 X27.743 Y4.671 E0.0424 F1200
G1 X27.347 Y4.529 E0.0263 F1200
G1 X26.923 Y4.470 E0.0267 F1200
G1 X26.521 Y4.490 E0.0251 F1200
G1 X25.873 Y4.589 E0.0409 F1200
G1 X25.641 Y4.603 E0.0145 F1200
G1 X25.480 Y4.583 E0.0101 F1200
G1 X25.378 Y4.542 E0.0069 F1200
G1 X25.291 Y4.474 E0.0069 F1200
G1 X25.194 Y4.345 E0.0101 F1200
G1 X25.089 Y4.136 E0.0145 F1200
G1 X24.851 Y3.526 E0.0409 F1200
G1 X24.667 Y3.168 E0.0251 F1200
G1 X24.404 Y2.830 E0.0267 F1200
G1 X24.083 Y2.558 E0.0263 F1200
G1 X23.504 Y2.202 E0.0424 F1200
G1 X23.288 Y2.054 E0.0164 F1200
G1 X23.153 Y1.928 E0.0115 F1200
G1 X23.085 Y1.825 E0.0077 F1200
G1 X23.054 Y1.726 E0.0065 F1200
G1 X23.050 Y1.585 E0.0088 F1200
G1 X23.087 Y1.386 E0.0127 F1200
G1 X23.285 Y0.789 E0.0392 F1200
G1 X23.387 Y0.421 E0.0238 F1200
G1 X23.431 Y0.000 E0.0264 F1200
G1 X23.387 Y-0.421 E0.0264 F1200
G1 X23.285 Y-0.789 E0.0238 F1200
G1 X23.087 Y-1.386 E0.0392 F1200
G1 X23.050 Y-1.585 E0.0127 F1200
G1 X23.054 Y-1.726 E0.0088 F1200
G1 X23.085 Y-1.825 E0.0065 F1200
G1 X23.153 Y-1.928 E0.0077 F1200
G1 X23.288 Y-2.054 E0.0115 F1200
G1 X23.504 Y-2.202 E0.0164 F1200
G1 X24.083 Y-2.558 E0.0424 F1200
G1 X24.404 Y-2.830 E0.0263 F1200
G1 X24.667 Y-3.168 E0.0267 F1200
G1 X24.851 Y-3.526 E0.0251 F1200
G1 X25.089 Y-4.136 E0.0409 F1200
G1 X25.194 Y-4.345 E0.0145 F1200
G1 X25.291 Y-4.474 E0.0101 F1200
G1 X25.378 Y-4.542 E0.0069 F1200
G1 X25.480 Y-4.583 E0.0069 F1200
G1 X25.641 Y-4.603 E0.0101 F1200
G1 X25.873 Y-4.589 E0.0145 F1200
G1 X26.521 Y-4.490 E0.0409 F1200
G1 X26.923 Y-4.470 E0.0251 F1200
G1 X27.347 Y-4.529 E0.0267 F1200
G0 X27.227 Y-5.017 Z5.400
G1 X27.539 Y-5.129 E0.0207 F960
G1 X28.114 Y-5.440 E0.0407 F960
G1 X28.395 Y-5.575 E0.0195 F960
G1 X28.665 Y-5.657 E0.0176 F960
G1 X28.918 Y-5.673 E0.0158 F960
G1 X29.156 Y-5.619 E0.0152 F960
G1 X29.386 Y-5.494 E0.0163 F960
G1 X29.607 Y-5.306 E0.0181 F960
G1 X30.039 Y-4.820 E0.0406 F960
G1 X30.270 Y-4.586 E0.0205 F960
G1 X30.536 Y-4.392 E0.0205 F960
G1 X30.837 Y-4.258 E0.0205 F960
G1 X31.154 Y-4.176 E0.0205 F960
G1 X31.792 Y-4.045 E0.0406 F960
G1 X32.065 Y-3.947 E0.0181 F960
G1 X32.288 Y-3.810 E0.0163 F960
G1 X32.454 Y-3.631 E0.0152 F960
G1 X32.567 Y-3.405 E0.0158 F960
G1 X32.631 Y-3.130 E0.0176 F960
G1 X32.654 Y-2.818 E0.0195 F960
G1 X32.673 Y-2.165 E0.0407 F960
G1 X32.732 Y-1.839 E0.0207 F960
G1 X32.855 Y-1.534 E0.0205 F960
G1 X33.034 Y-1.257 E0.0206 F960
G1 X33.443 Y-0.747 E0.0407 F960
G1 X33.609 Y-0.495 E0.0188 F960
G1 X33.714 Y-0.245 E0.0169 F960
G1 X33.750 Y0.000 E0.0154 F960
G1 X33.714 Y0.245 E0.0154 F960
G1 X33.609 Y0.495 E0.0169 F960
G1 X33.443 Y0.747 E0.0188 F960
G1 X33.034 Y1.257 E0.0407 F960
G1 X32.855 Y1.534 E0.0206 F960
G1 X32.732 Y1.839 E0.0205 F960
G1 X32.673 Y2.165 E0.0207 F960
G1 X32.654 Y2.818 E0.0407 F960
G1 X32.631 Y3.130 E0.0195 F960
G1 X32.567 Y3.405 E0.0176 F960
G1 X32.454 Y3.631 E0.0158 F960
G1 X32.288 Y3.810 E0.0152 F960
G1 X32.065 Y3.947 E0.0163 F960
G1 X31.792 Y4.045 E0.0181 F960
G1 X31.154 Y4.176 E0.0406 F960
G1 X30.837 Y4.258 E0.0205 F960
G1 X30.536 Y4.392 E0.0205 F960
G1 X30.270 Y4.586 E0.0205 F960
G1 X30.039 Y4.820 E0.0205 F960
G1 X29.607 Y5.306 E0.0406 F960
G1 X29.386 Y5.494 E0.0181 F960
G1 X29.156 Y5.619 E0.0163 F960
G1 X28.918 Y5.673 E0.0152 F960
G1 X28.665 Y5.657 E0.0158 F960
G1 X28.395 Y5.575 E0.0176 F960
G1 X28.114 Y5.440 E0.0195 F960
G1 X27.539 Y5.129 E0.0407 F960
G1 X27.227 Y5.017 E0.0207 F960
G1 X26.901 Y4.972 E0.0205 F960
G1 X26.571 Y4.989 E0.0206 F960
G1 X25.926 Y5.087 E0.0407 F960
G1 X25.624 Y5.105 E0.0188 F960
G1 X25.355 Y5.071 E0.0169 F960
G1 X25.125 Y4.979 E0.0154 F960
G1 X24.931 Y4.826 E0.0154 F960
G1 X24.767 Y4.610 E0.0169 F960
G1 X24.632 Y4.340 E0.0188 F960
G1 X24.394 Y3.731 E0.0407 F960
G1 X24.244 Y3.438 E0.0206 F960
G1 X24.041 Y3.178 E0.0205 F960
G1 X23.788 Y2.964 E0.0207 F960
G1 X23.232 Y2.621 E0.0407 F960
G1 X22.974 Y2.445 E0.0195 F960
G1 X22.768 Y2.253 E0.0176 F960
G1 X22.628 Y2.041 E0.0158 F960
G1 X22.556 Y1.808 E0.0152 F960
G1 X22.549 Y1.547 E0.0163 F960
G1 X22.601 Y1.261 E0.0181 F960
G1 X22.806 Y0.644 E0.0406 F960
G1 X22.894 Y0.327 E0.0205 F960
G1 X22.929 Y0.000 E0.0205 F960
G1 X22.894 Y-0.327 E0.0205 F960
G1 X22.806 Y-0.644 E0.0205 F960
G1 X22.601 Y-1.261 E0.0406 F960
G1 X22.549 Y-1.547 E0.0181 F960
G1 X22.556 Y-1.808 E0.0163 F960
G1 X22.628 Y-2.041 E0.0152 F960
G1 X22.768 Y-2.253 E0.0158 F960
G1 X22.974 Y-2.445 E0.0176 F960
G1 X23.232 Y-2.621 E0.0195 F960
G1 X23.788 Y-2.964 E0.0407 F960
G1 X24.041 Y-3.178 E0.0207 F960
G1 X24.244 Y-3.438 E0.0205 F960
G1 X24.394 Y-3.731 E0.0206 F960
G1 X24.632 Y-4.340 E0.0407 F960
G1 X24.767 Y-4.610 E0.0188 F960
G1 X24.931 Y-4.826 E0.0169 F960
G1 X25.125 Y-4.979 E0.0154 F960
G1 X25.355 Y-5.071 E0.0154 F960
G1 X25.624 Y-5.105 E0.0169 F960
G1 X25.926 Y-5.087 E0.0188 F960
G1 X26.571 Y-4.989 E0.0407 F960
G1 X26.901 Y-4.972 E0.0206 F960
G1 X27.227 Y-5.017 E0.0205 F960
G0 X27.203 Y-4.333 Z5.400
G1 X32.451 Y0.916 E0.4629 F1200
G0 X32.761 Y0.518 Z5.400
G1 X27.754 Y-4.489 E0.4416 F1200
G0 X28.220 Y-4.730 Z5.400
G1 X33.045 Y0.095 E0.4255 F1200
G0 X32.195 Y1.366 Z5.400
G1 X30.030 Y-0.798 E0.1909 F1200
G0 X30.380 Y0.259 Z5.400
G1 X32.033 Y1.911 E0.1458 F1200
G0 X31.986 Y2.572 Z5.400
G1 X30.031 Y0.616 E0.1724 F1200
G0 X29.891 Y0.477 Z5.400
G1 X27.517 Y-1.897 E0.2094 F1800
G0 X27.377 Y-2.037 Z5.400
G1 X25.282 Y-4.132 E0.1848 F1200
G0 X25.697 Y-4.424 Z5.400
G1 X28.039 Y-2.083 E0.2065 F1200
G0 X29.083 Y-1.745 Z5.400
G1 X26.513 Y-4.316 E0.2267 F1200
G0 X25.079 Y-3.629 Z5.400
G1 X26.582 Y-2.125 E0.1326 F1200
G0 X26.360 Y-1.640 Z5.400
G1 X24.853 Y-3.147 E0.1329 F1200
G0 X24.554 Y-2.738 Z5.400
G1 X26.060 Y-1.233 E0.1328 F1200
G0 X25.715 Y-0.871 Z5.400
G1 X24.176 Y-2.410 E0.1357 F1200
G0 X23.738 Y-2.140 Z5.400
G1 X25.839 Y-0.040 E0.1852 F1200
G0 X25.725 Y0.553 Z5.400
G1 X23.324 Y-1.848 E0.2118 F1200
G0 X23.367 Y-1.098 Z5.400
G1 X29.206 Y4.741 E0.5150 F1200
G0 X29.539 Y4.367 Z5.400
G1 X27.561 Y2.390 E0.1744 F1200
G0 X28.499 Y2.620 Z5.400
G1 X29.899 Y4.020 E0.1235 F1200
G0 X30.330 Y3.745 Z5.400
G1 X28.932 Y2.346 E0.1234 F1200
G0 X28.792 Y2.206 Z5.400
G1 X25.854 Y-0.731 E0.2591 F1800
G1 E-0.8 F1800
G0 X23.590 Y-0.168 Z5.400
G1 E0.8 F1800
G1 X28.728 Y4.971 E0.4532 F1200
G0 X27.420 Y4.369 Z5.400
G1 X23.547 Y0.497 E0.3415 F1200
G0 X23.385 Y1.042 Z5.400
G1 X26.652 Y4.309 E0.2881 F1200
G0 X26.025 Y4.389 Z5.400
G1 X24.927 Y3.291 E0.0969 F1200
G0 X23.837 Y2.201 Z5.400
G1 X23.227 Y1.591 E0.0538 F1200
G1 E-0.8 F1800
G0 X29.208 Y1.915 Z5.400
G1 E0.8 F1800
G1 X30.850 Y3.557 E0.1449 F1200
G0 X31.430 Y3.430 Z5.400
G1 X29.786 Y1.786 E0.1450 F1200
G0 X29.999 Y1.292 Z5.400
G1 X31.912 Y3.205 E0.1687 F1200
G1 E-0.8 F1800
G0 X32.130 Y-1.527 Z5.400
G1 E0.8 F1800
G1 X28.696 Y-4.961 E0.3029 F1200
G1 E-0.8 F1800
G0 X30.791 Y-3.573 Z5.400
G1 E0.8 F1800
G1 X31.991 Y-2.373 E0.1059 F1200
G0 X31.936 Y-3.135 Z5.400
G1 X31.716 Y-3.355 E0.0195 F1200
; layer 19/22, z=5.700
G0 X31.487 Y-2.987 Z5.700
G1 X31.534 Y-2.936 E0.0044 F1200
G1 X31.574 Y-2.857 E0.0055 F1200
G1 X31.605 Y-2.723 E0.0086 F1200
G1 X31.643 Y-1.870 E0.0532 F1200
G1 X31.711 Y-1.493 E0.0239 F1200
G1 X31.861 Y-1.124 E0.0248 F1200
G1 X32.062 Y-0.813 E0.0231 F1200
G1 X32.427 Y-0.356 E0.0365 F1200
G1 X32.535 Y-0.192 E0.0123 F1200
G1 X32.585 Y-0.075 E0.0079 F1200
G1 X32.596 Y0.000 E0.0048 F1200
G1 X32.585 Y0.075 E0.0048 F1200
G1 X32.535 Y0.192 E0.0079 F1200
G1 X32.427 Y0.356 E0.0123 F1200
G1 X32.062 Y0.813 E0.0365 F1200
G1 X31.861 Y1.124 E0.0231 F1200
G1 X31.711 Y1.493 E0.0248 F1200
G1 X31.643 Y1.870 E0.0239 F1200
G1 X31.605 Y2.723 E0.0532 F1200
G1 X31.574 Y2.857 E0.0086 F1200
G1 X31.534 Y2.936 E0.0055 F1200
G1 X31.487 Y2.987 E0.0044 F1200
G1 X31.397 Y3.043 E0.0066 F1200
G1 X31.234 Y3.101 E0.0108 F1200
G1 X30.368 Y3.293 E0.0553 F1200
G1 X29.997 Y3.458 E0.0253 F1200
G1 X29.668 Y3.697 E0.0253 F1200
G1 X29.068 Y4.351 E0.0553 F1200
G1 X28.937 Y4.463 E0.0108 F1200
G1 X28.844 Y4.513 E0.0066 F1200
G1 X28.776 Y4.529 E0.0044 F1200
G1 X28.687 Y4.523 E0.0055 F1200
G1 X28.556 Y4.483 E0.0086 F1200
G1 X27.798 Y4.090 E0.0532 F1200
G1 X27.437 Y3.960 E0.0239 F1200
G1 X27.043 Y3.905 E0.0248 F1200
G1 X26.673 Y3.924 E0.0231 F1200
G1 X26.095 Y4.012 E0.0365 F1200
G1 X25.898 Y4.024 E0.0123 F1200
G1 X25.773 Y4.008 E0.0079 F1200
G1 X25.702 Y3.980 E0.0048 F1200
G1 X25.642 Y3.933 E0.0048 F1200
G1 X25.566 Y3.832 E0.0079 F1200
G1 X25.478 Y3.656 E0.0123 F1200
G1 X25.265 Y3.112 E0.0365 F1200
G1 X25.096 Y2.781 E0.0231 F1200
G1 X24.852 Y2.468 E0.0248 F1200
G1 X24.559 Y2.220 E0.0239 F1200
G1 X23.839 Y1.760 E0.0532 F1200
G1 X23.739 Y1.666 E0.0086 F1200
G1 X23.690 Y1.593 E0.0055 F1200
G1 X23.670 Y1.526 E0.0044 F1200
G1 X23.667 Y1.420 E0.0066 F1200
G1 X23.698 Y1.250 E0.0108 F1200
G1 X23.964 Y0.404 E0.0553 F1200
G1 X24.007 Y0.000 E0.0253 F1200
G1 X23.964 Y-0.404 E0.0253 F1200
G1 X23.698 Y-1.250 E0.0553 F1200
G1 X23.667 Y-1.420 E0.0108 F1200
G1 X23.670 Y-1.526 E0.0066 F1200
G1 X23.690 Y-1.593 E0.0044 F1200
G1 X23.739 Y-1.666 E0.0055 F1200
G1 X23.839 Y-1.760 E0.0086 F1200
G1 X24.559 Y-2.220 E0.0532 F1200
G1 X24.852 Y-2.468 E0.0239 F1200
G1 X25.096 Y-2.781 E0.0248 F1200
G1 X25.265 Y-3.112 E0.0231 F1200
G1 X25.478 Y-3.656 E0.0365 F1200
G1 X25.566 Y-3.832 E0.0123 F1200
G1 X25.642 Y-3.933 E0.0079 F1200
G1 X25.702 Y-3.980 E0.0048 F1200
G1 X25.773 Y-4.008 E0.0048 F1200
G1 X25.898 Y-4.024 E0.0079 F1200
G1 X26.095 Y-4.012 E0.0123 F1200
G1 X26.673 Y-3.924 E0.0365 F1200
G1 X27.043 Y-3.905 E0.0231 F1200
G1 X27.437 Y-3.960 E0.0248 F1200
G1 X27.798 Y-4.090 E0.0239 F1200
G1 X28.556 Y-4.483 E0.0532 F1200
G1 X28.687 Y-4.523 E0.0086 F1200
G1 X28.776 Y-4.529 E0.0055 F1200
G1 X28.844 Y-4.513 E0.0044 F1200
G1 X28.937 Y-4.463 E0.0066 F1200
G1 X29.068 Y-4.351 E0.0108 F1200
G1 X29.668 Y-3.697 E0.0553 F1200
G1 X29.997 Y-3.458 E0.0253 F1200
G1 X30.368 Y-3.293 E0.0253 F1200
G1 X31.234 Y-3.101 E0.0553 F1200
G1 X31.397 Y-3.043 E0.0108 F1200
G1 X31.487 Y-2.987 E0.0066 F1200
G0 X31.807 Y-3.377 Z5.700
G1 X31.950 Y-3.223 E0.0131 F960
G1 X32.047 Y-3.027 E0.0136 F960
G1 X32.102 Y-2.791 E0.0151 F960
G1 X32.141 Y-1.926 E0.0540 F960
G1 X32.194 Y-1.633 E0.0186 F960
G1 X32.306 Y-1.356 E0.0186 F960
G1 X32.468 Y-1.105 E0.0186 F960
G1 X32.832 Y-0.650 E0.0363 F960
G1 X32.978 Y-0.428 E0.0166 F960
G1 X33.070 Y-0.211 E0.0147 F960
G1 X33.101 Y0.000 E0.0133 F960
G1 X33.070 Y0.211 E0.0133 F960
G1 X32.978 Y0.428 E0.0147 F960
G1 X32.832 Y0.650 E0.0166 F960
G1 X32.468 Y1.105 E0.0363 F960
G1 X32.306 Y1.356 E0.0186 F960
G1 X32.194 Y1.633 E0.0186 F960
G1 X32.141 Y1.926 E0.0186 F960
G1 X32.102 Y2.791 E0.0540 F960
G1 X32.047 Y3.027 E0.0151 F960
G1 X31.950 Y3.223 E0.0136 F960
G1 X31.807 Y3.377 E0.0131 F960
G1 X31.614 Y3.496 E0.0141 F960
G1 X31.373 Y3.582 E0.0160 F960
G1 X30.525 Y3.771 E0.0542 F960
G1 X30.248 Y3.894 E0.0189 F960
G1 X30.003 Y4.072 E0.0189 F960
G1 X29.416 Y4.712 E0.0542 F960
G1 X29.221 Y4.878 E0.0160 F960
G1 X29.021 Y4.986 E0.0141 F960
G1 X28.816 Y5.032 E0.0131 F960
G1 X28.598 Y5.019 E0.0136 F960
G1 X28.366 Y4.948 E0.0151 F960
G1 X27.598 Y4.549 E0.0540 F960
G1 X27.317 Y4.449 E0.0186 F960
G1 X27.021 Y4.407 E0.0186 F960
G1 X26.723 Y4.422 E0.0186 F960
G1 X26.147 Y4.510 E0.0363 F960
G1 X25.882 Y4.526 E0.0166 F960
G1 X25.647 Y4.496 E0.0147 F960
G1 X25.450 Y4.417 E0.0133 F960
G1 X25.282 Y4.286 E0.0133 F960
G1 X25.140 Y4.097 E0.0147 F960
G1 X25.021 Y3.860 E0.0166 F960
G1 X24.809 Y3.317 E0.0363 F960
G1 X24.673 Y3.051 E0.0186 F960
G1 X24.489 Y2.816 E0.0186 F960
G1 X24.261 Y2.623 E0.0186 F960
G1 X23.532 Y2.157 E0.0540 F960
G1 X23.355 Y1.991 E0.0151 F960
G1 X23.234 Y1.809 E0.0136 F960
G1 X23.172 Y1.608 E0.0131 F960
G1 X23.165 Y1.382 E0.0141 F960
G1 X23.212 Y1.130 E0.0160 F960
G1 X23.472 Y0.301 E0.0542 F960
G1 X23.504 Y0.000 E0.0189 F960
G1 X23.472 Y-0.301 E0.0189 F960
G1 X23.212 Y-1.130 E0.0542 F960
G1 X23.165 Y-1.382 E0.0160 F960
G1 X23.172 Y-1.608 E0.0141 F960
G1 X23.234 Y-1.809 E0.0131 F960
G1 X23.355 Y-1.991 E0.0136 F960
G1 X23.532 Y-2.157 E0.0151 F960
G1 X24.261 Y-2.623 E0.0540 F960
G1 X24.489 Y-2.816 E0.0186 F960
G1 X24.673 Y-3.051 E0.0186 F960
G1 X24.809 Y-3.317 E0.0186 F960
G1 X25.021 Y-3.860 E0.0363 F960
G1 X25.140 Y-4.097 E0.0166 F960
G1 X25.282 Y-4.286 E0.0147 F960
G1 X25.450 Y-4.417 E0.0133 F960
G1 X25.647 Y-4.496 E0.0133 F960
G1 X25.882 Y-4.526 E0.0147 F960
G1 X26.147 Y-4.510 E0.0166 F960
G1 X26.723 Y-4.422 E0.0363 F960
G1 X27.021 Y-4.407 E0.0186 F960
G1 X27.317 Y-4.449 E0.0186 F960
G1 X27.598 Y-4.549 E0.0186 F960
G1 X28.366 Y-4.948 E0.0540 F960
G1 X28.598 Y-5.019 E0.0151 F960
G1 X28.816 Y-5.032 E0.0136 F960
G1 X29.021 Y-4.986 E0.0131 F960
G1 X29.221 Y-4.878 E0.0141 F960
G1 X29.416 Y-4.712 E0.0160 F960
G1 X30.003 Y-4.072 E0.0542 F960
G1 X30.248 Y-3.894 E0.0189 F960
G1 X30.525 Y-3.771 E0.0189 F960
G1 X31.373 Y-3.582 E0.0542 F960
G1 X31.614 Y-3.496 E0.0160 F960
G1 X31.807 Y-3.377 E0.0141 F960
G0 X31.426 Y-2.719 Z5.700
G1 X25.493 Y3.214 E0.5233 F1200
G0 X25.268 Y2.732 Z5.700
G1 X30.978 Y-2.978 E0.5036 F1200
G0 X30.400 Y-3.107 Z5.700
G1 X24.961 Y2.331 E0.4796 F1200
G0 X24.568 Y2.018 Z5.700
G1 X29.899 Y-3.313 E0.4701 F1200
G0 X29.500 Y-3.621 Z5.700
G1 X24.136 Y1.742 E0.4730 F1200
G0 X23.866 Y1.306 Z5.700
G1 X29.162 Y-3.990 E0.4671 F1200
G0 X28.802 Y-4.337 Z5.700
G1 X24.150 Y0.315 E0.4103 F1200
G0 X24.142 Y-0.385 Z5.700
G1 X27.585 Y-3.828 E0.3036 F1200
G0 X26.793 Y-3.743 Z5.700
G1 X23.982 Y-0.931 E0.2480 F1200
G1 E-0.8 F1800
G0 X25.452 Y-3.109 Z5.700
G1 E0.8 F1800
G1 X26.167 Y-3.824 E0.0631 F1200
G1 E-0.8 F1800
G0 X31.460 Y-2.046 Z5.700
G1 E0.8 F1800
G1 X25.702 Y3.712 E0.5078 F1200
G0 X26.320 Y3.801 Z5.700
G1 X31.549 Y-1.428 E0.4611 F1200
G0 X31.770 Y-0.942 Z5.700
G1 X27.093 Y3.736 E0.4125 F1200
G0 X27.676 Y3.860 Z5.700
G1 X32.065 Y-0.529 E0.3871 F1200
G0 X32.369 Y-0.126 Z5.700
G1 X28.161 Y4.081 E0.3711 F1200
G0 X28.628 Y4.322 Z5.700
G1 X31.567 Y1.383 E0.2592 F1200
G0 X31.453 Y2.204 Z5.700
G1 X30.593 Y3.064 E0.0758 F1200
; layer 20/22, z=6.000
G0 X30.746 Y2.559 Z6.000
G1 X29.998 Y2.725 E0.0477 F1200
G1 X29.660 Y2.875 E0.0231 F1200
G1 X29.361 Y3.093 E0.0231 F1200
G1 X28.843 Y3.657 E0.0477 F1200
G1 X28.743 Y3.742 E0.0081 F1200
G1 X28.686 Y3.773 E0.0040 F1200
G1 X28.657 Y3.779 E0.0019 F1200
G1 X28.609 Y3.776 E0.0030 F1200
G1 X28.517 Y3.749 E0.0060 F1200
G1 X27.870 Y3.412 E0.0455 F1200
G1 X27.542 Y3.295 E0.0217 F1200
G1 X27.184 Y3.245 E0.0226 F1200
G1 X26.850 Y3.262 E0.0208 F1200
G1 X26.354 Y3.337 E0.0313 F1200
G1 X26.200 Y3.346 E0.0096 F1200
G1 X26.116 Y3.336 E0.0053 F1200
G1 X26.082 Y3.322 E0.0023 F1200
G1 X26.053 Y3.300 E0.0023 F1200
G1 X26.002 Y3.232 E0.0053 F1200
G1 X25.933 Y3.094 E0.0096 F1200
G1 X25.750 Y2.627 E0.0313 F1200
G1 X25.598 Y2.329 E0.0208 F1200
G1 X25.375 Y2.044 E0.0226 F1200
G1 X25.110 Y1.819 E0.0217 F1200
G1 X24.495 Y1.426 E0.0455 F1200
G1 X24.425 Y1.361 E0.0060 F1200
G1 X24.399 Y1.321 E0.0030 F1200
G1 X24.390 Y1.292 E0.0019 F1200
G1 X24.388 Y1.227 E0.0040 F1200
G1 X24.411 Y1.099 E0.0081 F1200
G1 X24.641 Y0.368 E0.0477 F1200
G1 X24.680 Y0.000 E0.0231 F1200
G1 X24.641 Y-0.368 E0.0231 F1200
G1 X24.411 Y-1.099 E0.0477 F1200
G1 X24.388 Y-1.227 E0.0081 F1200
G1 X24.390 Y-1.292 E0.0040 F1200
G1 X24.399 Y-1.321 E0.0019 F1200
G1 X24.425 Y-1.361 E0.0030 F1200
G1 X24.495 Y-1.426 E0.0060 F1200
G1 X25.110 Y-1.819 E0.0455 F1200
G1 X25.375 Y-2.044 E0.0217 F1200
G1 X25.598 Y-2.329 E0.0226 F1200
G1 X25.750 Y-2.627 E0.0208 F1200
G1 X25.933 Y-3.094 E0.0313 F1200
G1 X26.002 Y-3.232 E0.0096 F1200
G1 X26.053 Y-3.300 E0.0053 F1200
G1 X26.082 Y-3.322 E0.0023 F1200
G1 X26.116 Y-3.336 E0.0023 F1200
G1 X26.200 Y-3.346 E0.0053 F1200
G1 X26.354 Y-3.337 E0.0096 F1200
G1 X26.850 Y-3.262 E0.0313 F1200
G1 X27.184 Y-3.245 E0.0208 F1200
G1 X27.542 Y-3.295 E0.0226 F1200
G1 X27.870 Y-3.412 E0.0217 F1200
G1 X28.517 Y-3.749 E0.0455 F1200
G1 X28.609 Y-3.776 E0.0060 F1200
G1 X28.657 Y-3.779 E0.0030 F1200
G1 X28.686 Y-3.773 E0.0019 F1200
G1 X28.743 Y-3.742 E0.0040 F1200
G1 X28.843 Y-3.657 E0.0081 F1200
G1 X29.361 Y-3.093 E0.0477 F1200
G1 X29.660 Y-2.875 E0.0231 F1200
G1 X29.998 Y-2.725 E0.0231 F1200
G1 X30.746 Y-2.559 E0.0477 F1200
G1 X30.869 Y-2.515 E0.0081 F1200
G1 X30.924 Y-2.481 E0.0040 F1200
G1 X30.944 Y-2.459 E0.0019 F1200
G1 X30.966 Y-2.415 E0.0030 F1200
G1 X30.988 Y-2.322 E0.0060 F1200
G1 X31.020 Y-1.593 E0.0455 F1200
G1 X31.082 Y-1.251 E0.0217 F1200
G1 X31.218 Y-0.915 E0.0226 F1200
G1 X31.400 Y-0.635 E0.0208 F1200
G1 X31.713 Y-0.243 E0.0313 F1200
G1 X31.798 Y-0.114 E0.0096 F1200
G1 X31.831 Y-0.036 E0.0053 F1200
G1 X31.836 Y0.000 E0.0023 F1200
G1 X31.831 Y0.036 E0.0023 F1200
G1 X31.798 Y0.114 E0.0053 F1200
G1 X31.713 Y0.243 E0.0096 F1200
G1 X31.400 Y0.635 E0.0313 F1200
G1 X31.218 Y0.915 E0.0208 F1200
G1 X31.082 Y1.251 E0.0226 F1200
G1 X31.020 Y1.593 E0.0217 F1200
G1 X30.988 Y2.322 E0.0455 F1200
G1 X30.966 Y2.415 E0.0060 F1200
G1 X30.944 Y2.459 E0.0030 F1200
G1 X30.924 Y2.481 E0.0019 F1200
G1 X30.869 Y2.515 E0.0040 F1200
G1 X30.746 Y2.559 E0.0081 F1200
G0 X30.884 Y3.040 Z6.000
G1 X30.156 Y3.202 E0.0466 F960
G1 X29.911 Y3.310 E0.0167 F960
G1 X29.695 Y3.468 E0.0167 F960
G1 X29.190 Y4.018 E0.0466 F960
G1 X29.027 Y4.157 E0.0133 F960
G1 X28.864 Y4.245 E0.0116 F960
G1 X28.698 Y4.283 E0.0106 F960
G1 X28.520 Y4.272 E0.0111 F960
G1 X28.328 Y4.214 E0.0125 F960
G1 X27.669 Y3.871 E0.0463 F960
G1 X27.422 Y3.783 E0.0164 F960
G1 X27.161 Y3.747 E0.0164 F960
G1 X26.901 Y3.760 E0.0163 F960
G1 X26.406 Y3.835 E0.0312 F960
G1 X26.183 Y3.848 E0.0139 F960
G1 X25.990 Y3.824 E0.0122 F960
G1 X25.829 Y3.760 E0.0108 F960
G1 X25.693 Y3.653 E0.0108 F960
G1 X25.576 Y3.497 E0.0122 F960
G1 X25.476 Y3.298 E0.0139 F960
G1 X25.294 Y2.832 E0.0312 F960
G1 X25.175 Y2.600 E0.0163 F960
G1 X25.013 Y2.392 E0.0164 F960
G1 X24.813 Y2.222 E0.0164 F960
G1 X24.187 Y1.823 E0.0463 F960
G1 X24.041 Y1.686 E0.0125 F960
G1 X23.942 Y1.537 E0.0111 F960
G1 X23.892 Y1.374 E0.0106 F960
G1 X23.887 Y1.189 E0.0116 F960
G1 X23.925 Y0.978 E0.0133 F960
G1 X24.149 Y0.266 E0.0466 F960
G1 X24.177 Y0.000 E0.0167 F960
G1 X24.149 Y-0.266 E0.0167 F960
G1 X23.925 Y-0.978 E0.0466 F960
G1 X23.887 Y-1.189 E0.0133 F960
G1 X23.892 Y-1.374 E0.0116 F960
G1 X23.942 Y-1.537 E0.0106 F960
G1 X24.041 Y-1.686 E0.0111 F960
G1 X24.187 Y-1.823 E0.0125 F960
G1 X24.813 Y-2.222 E0.0463 F960
G1 X25.013 Y-2.392 E0.0164 F960
G1 X25.175 Y-2.600 E0.0164 F960
G1 X25.294 Y-2.832 E0.0163 F960
G1 X25.476 Y-3.298 E0.0312 F960
G1 X25.576 Y-3.497 E0.0139 F960
G1 X25.693 Y-3.653 E0.0122 F960
G1 X25.829 Y-3.760 E0.0108 F960
G1 X25.990 Y-3.824 E0.0108 F960
G1 X26.183 Y-3.848 E0.0122 F960
G1 X26.406 Y-3.835 E0.0139 F960
G1 X26.901 Y-3.760 E0.0312 F960
G1 X27.161 Y-3.747 E0.0163 F960
G1 X27.422 Y-3.783 E0.0164 F960
G1 X27.669 Y-3.871 E0.0164 F960
G1 X28.328 Y-4.214 E0.0463 F960
G1 X28.520 Y-4.272 E0.0125 F960
G1 X28.698 Y-4.283 E0.0111 F960
G1 X28.864 Y-4.245 E0.0106 F960
G1 X29.027 Y-4.157 E0.0116 F960
G1 X29.190 Y-4.018 E0.0133 F960
G1 X29.695 Y-3.468 E0.0466 F960
G1 X29.911 Y-3.310 E0.0167 F960
G1 X30.156 Y-3.202 E0.0167 F960
G1 X30.884 Y-3.040 E0.0466 F960
G1 X31.086 Y-2.968 E0.0133 F960
G1 X31.244 Y-2.871 E0.0116 F960
G1 X31.360 Y-2.746 E0.0106 F960
G1 X31.440 Y-2.586 E0.0111 F960
G1 X31.485 Y-2.391 E0.0125 F960
G1 X31.518 Y-1.649 E0.0463 F960
G1 X31.565 Y-1.391 E0.0164 F960
G1 X31.664 Y-1.147 E0.0164 F960
G1 X31.806 Y-0.928 E0.0163 F960
G1 X32.118 Y-0.537 E0.0312 F960
G1 X32.241 Y-0.351 E0.0139 F960
G1 X32.317 Y-0.171 E0.0122 F960
G1 X32.342 Y0.000 E0.0108 F960
G1 X32.317 Y0.171 E0.0108 F960
G1 X32.241 Y0.351 E0.0122 F960
G1 X32.118 Y0.537 E0.0139 F960
G1 X31.806 Y0.928 E0.0312 F960
G1 X31.664 Y1.147 E0.0163 F960
G1 X31.565 Y1.391 E0.0164 F960
G1 X31.518 Y1.649 E0.0164 F960
G1 X31.485 Y2.391 E0.0463 F960
G1 X31.440 Y2.586 E0.0125 F960
G1 X31.360 Y2.746 E0.0111 F960
G1 X31.244 Y2.871 E0.0106 F960
G1 X31.086 Y2.968 E0.0116 F960
G1 X30.884 Y3.040 E0.0133 F960
G0 X30.446 Y2.446 Z6.000
G1 X25.753 Y-2.247 E0.4139 F1200
G0 X25.431 Y-1.862 Z6.000
G1 X29.879 Y2.586 E0.3923 F1200
G0 X29.419 Y2.834 Z6.000
G1 X25.027 Y-1.558 E0.3874 F1200
G0 X24.597 Y-1.282 Z6.000
G1 X29.051 Y3.172 E0.3928 F1200
G0 X28.711 Y3.539 Z6.000
G1 X24.819 Y-0.353 E0.3433 F1200
G0 X24.819 Y0.354 Z6.000
G1 X27.591 Y3.126 E0.2445 F1200
G0 X26.844 Y3.087 Z6.000
G1 X24.657 Y0.900 E0.1929 F1200
G1 E-0.8 F1800
G0 X25.978 Y-2.729 Z6.000
G1 E0.8 F1800
G1 X30.822 Y2.115 E0.4272 F1200
G0 X30.868 Y1.453 Z6.000
G1 X26.246 Y-3.168 E0.4076 F1200
G0 X27.045 Y-3.077 Z6.000
G1 X31.032 Y0.910 E0.3516 F1200
G0 X31.303 Y0.475 Z6.000
G1 X27.673 Y-3.156 E0.3202 F1200
G0 X28.166 Y-3.369 Z6.000
G1 X31.613 Y0.077 E0.3040 F1200
G0 X30.885 Y-1.358 Z6.000
G1 X29.381 Y-2.861 E0.1326 F1200
G0 X30.520 Y-2.429 Z6.000
G1 X30.821 Y-2.129 E0.0265 F1200
; layer 21/22, z=6.300
G0 X30.225 Y-1.851 Z6.300
G1 X30.212 Y-1.865 E0.0012 F1200
G1 X30.211 Y-1.867 E0.0001 F1200
G1 X30.221 Y-1.824 E0.0027 F1200
G1 X30.247 Y-1.249 E0.0359 F1200
G1 X30.301 Y-0.951 E0.0189 F1200
G1 X30.428 Y-0.637 E0.0211 F1200
G1 X30.888 Y-0.002 E0.0489 F1200
G1 X30.895 Y0.013 E0.0010 F1200
G1 X30.893 Y0.000 E0.0008 F1200
G1 X30.895 Y-0.013 E0.0008 F1200
G1 X30.888 Y0.002 E0.0010 F1200
G1 X30.428 Y0.637 E0.0489 F1200
G1 X30.301 Y0.951 E0.0211 F1200
G1 X30.247 Y1.249 E0.0189 F1200
G1 X30.221 Y1.824 E0.0359 F1200
G1 X30.211 Y1.867 E0.0027 F1200
G1 X30.212 Y1.865 E0.0001 F1200
G1 X30.225 Y1.851 E0.0012 F1200
G1 X30.213 Y1.859 E0.0009 F1200
G1 X30.139 Y1.885 E0.0049 F1200
G1 X29.539 Y2.018 E0.0383 F1200
G1 X29.242 Y2.151 E0.0203 F1200
G1 X28.978 Y2.342 E0.0203 F1200
G1 X28.563 Y2.795 E0.0383 F1200
G1 X28.503 Y2.846 E0.0049 F1200
G1 X28.491 Y2.852 E0.0009 F1200
G1 X28.509 Y2.848 E0.0012 F1200
G1 X28.511 Y2.848 E0.0001 F1200
G1 X28.469 Y2.836 E0.0027 F1200
G1 X27.958 Y2.570 E0.0359 F1200
G1 X27.673 Y2.468 E0.0189 F1200
G1 X27.338 Y2.421 E0.0211 F1200
G1 X26.557 Y2.502 E0.0489 F1200
G1 X26.541 Y2.500 E0.0010 F1200
G1 X26.554 Y2.505 E0.0008 F1200
G1 X26.564 Y2.513 E0.0008 F1200
G1 X26.554 Y2.501 E0.0010 F1200
G1 X26.234 Y1.784 E0.0489 F1200
G1 X26.026 Y1.517 E0.0211 F1200
G1 X25.795 Y1.321 E0.0189 F1200
G1 X25.310 Y1.011 E0.0359 F1200
G1 X25.278 Y0.981 E0.0027 F1200
G1 X25.279 Y0.983 E0.0001 F1200
G1 X25.284 Y1.001 E0.0012 F1200
G1 X25.284 Y0.987 E0.0009 F1200
G1 X25.298 Y0.910 E0.0049 F1200
G1 X25.482 Y0.324 E0.0383 F1200
G1 X25.517 Y0.000 E0.0203 F1200
G1 X25.482 Y-0.324 E0.0203 F1200
G1 X25.298 Y-0.910 E0.0383 F1200
G1 X25.284 Y-0.987 E0.0049 F1200
G1 X25.284 Y-1.001 E0.0009 F1200
G1 X25.279 Y-0.983 E0.0012 F1200
G1 X25.278 Y-0.981 E0.0001 F1200
G1 X25.310 Y-1.011 E0.0027 F1200
G1 X25.795 Y-1.321 E0.0359 F1200
G1 X26.026 Y-1.517 E0.0189 F1200
G1 X26.234 Y-1.784 E0.0211 F1200
G1 X26.554 Y-2.501 E0.0489 F1200
G1 X26.564 Y-2.513 E0.0010 F1200
G1 X26.554 Y-2.505 E0.0008 F1200
G1 X26.541 Y-2.500 E0.0008 F1200
G1 X26.557 Y-2.502 E0.0010 F1200
G1 X27.338 Y-2.421 E0.0489 F1200
G1 X27.673 Y-2.468 E0.0211 F1200
G1 X27.958 Y-2.570 E0.0189 F1200
G1 X28.469 Y-2.836 E0.0359 F1200
G1 X28.511 Y-2.848 E0.0027 F1200
G1 X28.509 Y-2.848 E0.0001 F1200
G1 X28.491 Y-2.852 E0.0012 F1200
G1 X28.503 Y-2.846 E0.0009 F1200
G1 X28.563 Y-2.795 E0.0049 F1200
G1 X28.978 Y-2.342 E0.0383 F1200
G1 X29.242 Y-2.151 E0.0203 F1200
G1 X29.539 Y-2.018 E0.0203 F1200
G1 X30.139 Y-1.885 E0.0383 F1200
G1 X30.213 Y-1.859 E0.0049 F1200
G1 X30.225 Y-1.851 E0.0009 F1200
G0 X30.718 Y-1.893 Z6.300
G1 X30.745 Y-1.305 E0.0367 F960
G1 X30.783 Y-1.091 E0.0135 F960
G1 X30.868 Y-0.881 E0.0141 F960
G1 X31.327 Y-0.249 E0.0487 F960
G1 X31.380 Y-0.122 E0.0086 F960
G1 X31.398 Y0.000 E0.0077 F960
G1 X31.380 Y0.122 E0.0077 F960
G1 X31.327 Y0.249 E0.0086 F960
G1 X30.868 Y0.881 E0.0487 F960
G1 X30.783 Y1.091 E0.0141 F960
G1 X30.745 Y1.305 E0.0135 F960
G1 X30.718 Y1.893 E0.0367 F960
G1 X30.685 Y2.037 E0.0093 F960
G1 X30.627 Y2.152 E0.0080 F960
G1 X30.545 Y2.241 E0.0075 F960
G1 X30.430 Y2.312 E0.0084 F960
G1 X30.278 Y2.366 E0.0101 F960
G1 X29.697 Y2.495 E0.0371 F960
G1 X29.493 Y2.586 E0.0139 F960
G1 X29.313 Y2.717 E0.0139 F960
G1 X28.910 Y3.156 E0.0371 F960
G1 X28.787 Y3.260 E0.0101 F960
G1 X28.668 Y3.325 E0.0084 F960
G1 X28.550 Y3.352 E0.0075 F960
G1 X28.422 Y3.344 E0.0080 F960
G1 X28.280 Y3.301 E0.0093 F960
G1 X27.758 Y3.029 E0.0367 F960
G1 X27.553 Y2.956 E0.0135 F960
G1 X27.329 Y2.925 E0.0141 F960
G1 X26.552 Y3.006 E0.0487 F960
G1 X26.416 Y2.989 E0.0086 F960
G1 X26.301 Y2.943 E0.0077 F960
G1 X26.204 Y2.866 E0.0077 F960
G1 X26.121 Y2.757 E0.0086 F960
G1 X25.802 Y2.043 E0.0487 F960
G1 X25.663 Y1.865 E0.0141 F960
G1 X25.498 Y1.724 E0.0135 F960
G1 X25.002 Y1.408 E0.0367 F960
G1 X24.893 Y1.306 E0.0093 F960
G1 X24.822 Y1.199 E0.0080 F960
G1 X24.787 Y1.084 E0.0075 F960
G1 X24.783 Y0.948 E0.0084 F960
G1 X24.812 Y0.790 E0.0101 F960
G1 X24.991 Y0.222 E0.0371 F960
G1 X25.014 Y0.000 E0.0139 F960
G1 X24.991 Y-0.222 E0.0139 F960
G1 X24.812 Y-0.790 E0.0371 F960
G1 X24.783 Y-0.948 E0.0101 F960
G1 X24.787 Y-1.084 E0.0084 F960
G1 X24.822 Y-1.199 E0.0075 F960
G1 X24.893 Y-1.306 E0.0080 F960
G1 X25.002 Y-1.408 E0.0093 F960
G1 X25.498 Y-1.724 E0.0367 F960
G1 X25.663 Y-1.865 E0.0135 F960
G1 X25.802 Y-2.043 E0.0141 F960
G1 X26.121 Y-2.757 E0.0487 F960
G1 X26.204 Y-2.866 E0.0086 F960
G1 X26.301 Y-2.943 E0.0077 F960
G1 X26.416 Y-2.989 E0.0077 F960
G1 X26.552 Y-3.006 E0.0086 F960
G1 X27.329 Y-2.925 E0.0487 F960
G1 X27.553 Y-2.956 E0.0141 F960
G1 X27.758 Y-3.029 E0.0135 F960
G1 X28.280 Y-3.301 E0.0367 F960
G1 X28.422 Y-3.344 E0.0093 F960
G1 X28.550 Y-3.352 E0.0080 F960
G1 X28.668 Y-3.325 E0.0075 F960
G1 X28.787 Y-3.260 E0.0084 F960
G1 X28.910 Y-3.156 E0.0101 F960
G1 X29.313 Y-2.717 E0.0371 F960
G1 X29.493 Y-2.586 E0.0139 F960
G1 X29.697 Y-2.495 E0.0139 F960
G1 X30.278 Y-2.366 E0.0371 F960
G1 X30.430 Y-2.312 E0.0101 F960
G1 X30.545 Y-2.241 E0.0084 F960
G1 X30.627 Y-2.152 E0.0075 F960
G1 X30.685 Y-2.037 E0.0080 F960
G1 X30.718 Y-1.893 E0.0093 F960
G0 X30.066 Y-1.359 Z6.300
G1 X26.579 Y2.128 E0.3075 F1200
G0 X26.351 Y1.649 Z6.300
G1 X29.784 Y-1.784 E0.3028 F1200
G0 X29.249 Y-1.956 Z6.300
G1 X26.015 Y1.278 E0.2852 F1200
G0 X25.598 Y0.988 Z6.300
G1 X28.830 Y-2.245 E0.2851 F1200
G0 X28.492 Y-2.613 Z6.300
G1 X25.671 Y0.208 E0.2488 F1200
G0 X25.625 Y-0.454 Z6.300
G1 X27.429 Y-2.257 E0.1591 F1200
G1 E-0.8 F1800
G0 X30.185 Y-0.771 Z6.300
G1 E0.8 F1800
G1 X27.149 Y2.265 E0.2677 F1200
G0 X27.795 Y2.326 Z6.300
G1 X30.442 Y-0.320 E0.2334 F1200
G0 X30.271 Y0.557 Z6.300
G1 X28.286 Y2.543 E0.1751 F1200
G0 X29.742 Y1.794 Z6.300
G1 X30.061 Y1.474 E0.0282 F1200
; layer 22/22, z=6.600
G0 X29.267 Y0.929 Z6.600
G1 X28.843 Y1.037 E0.0273 F1200
G1 X28.477 Y1.249 E0.0264 F1200
G1 X28.171 Y1.562 E0.0273 F1200
G1 X28.293 Y1.516 E0.0081 F1200
G1 X28.352 Y1.527 E0.0037 F1200
G1 X27.864 Y1.292 E0.0338 F1200
G1 X27.416 Y1.273 E0.0279 F1200
G1 X27.163 Y1.312 E0.0160 F1200
G1 X27.165 Y1.312 E0.0001 F1200
G1 X27.282 Y1.379 E0.0084 F1200
G1 X27.283 Y1.381 E0.0001 F1200
G1 X27.189 Y1.142 E0.0160 F1200
G1 X26.949 Y0.764 E0.0279 F1200
G1 X26.502 Y0.459 E0.0338 F1200
G1 X26.541 Y0.505 E0.0037 F1200
G1 X26.562 Y0.633 E0.0081 F1200
G1 X26.680 Y0.211 E0.0273 F1200
G1 X26.680 Y-0.211 E0.0264 F1200
G1 X26.562 Y-0.633 E0.0273 F1200
G1 X26.541 Y-0.505 E0.0081 F1200
G1 X26.502 Y-0.459 E0.0037 F1200
G1 X26.949 Y-0.764 E0.0338 F1200
G1 X27.189 Y-1.142 E0.0279 F1200
G1 X27.283 Y-1.381 E0.0160 F1200
G1 X27.282 Y-1.379 E0.0001 F1200
G1 X27.165 Y-1.312 E0.0084 F1200
G1 X27.163 Y-1.312 E0.0001 F1200
G1 X27.416 Y-1.273 E0.0160 F1200
G1 X27.864 Y-1.292 E0.0279 F1200
G1 X28.352 Y-1.527 E0.0338 F1200
G1 X28.293 Y-1.516 E0.0037 F1200
G1 X28.171 Y-1.562 E0.0081 F1200
G1 X28.477 Y-1.249 E0.0273 F1200
G1 X28.843 Y-1.037 E0.0264 F1200
G1 X29.267 Y-0.929 E0.0273 F1200
G1 X29.167 Y-1.011 E0.0081 F1200
G1 X29.146 Y-1.068 E0.0037 F1200
G1 X29.187 Y-0.528 E0.0338 F1200
G1 X29.395 Y-0.131 E0.0279 F1200
G1 X29.555 Y0.069 E0.0160 F1200
G1 X29.554 Y0.068 E0.0001 F1200
G1 X29.554 Y-0.068 E0.0084 F1200
G1 X29.555 Y-0.069 E0.0001 F1200
G1 X29.395 Y0.131 E0.0160 F1200
G1 X29.187 Y0.528 E0.0279 F1200
G1 X29.146 Y1.068 E0.0338 F1200
G1 X29.167 Y1.011 E0.0037 F1200
G1 X29.267 Y0.929 E0.0081 F1200
G0 X29.640 Y1.173 Z6.600
G1 X29.591 Y1.310 E0.0091 F960
G1 X29.499 Y1.386 E0.0074 F960
G1 X29.034 Y1.505 E0.0299 F960
G1 X28.786 Y1.648 E0.0178 F960
G1 X28.451 Y1.991 E0.0299 F960
G1 X28.339 Y2.033 E0.0074 F960
G1 X28.196 Y2.007 E0.0091 F960
G1 X27.740 Y1.787 E0.0316 F960
G1 X27.443 Y1.775 E0.0185 F960
G1 X27.193 Y1.813 E0.0158 F960
G1 X27.023 Y1.808 E0.0106 F960
G1 X26.923 Y1.750 E0.0072 F960
G1 X26.833 Y1.606 E0.0106 F960
G1 X26.741 Y1.369 E0.0158 F960
G1 X26.582 Y1.119 E0.0185 F960
G1 X26.164 Y0.834 E0.0316 F960
G1 X26.070 Y0.722 E0.0091 F960
G1 X26.051 Y0.605 E0.0074 F960
G1 X26.180 Y0.143 E0.0299 F960
G1 X26.180 Y-0.143 E0.0178 F960
G1 X26.051 Y-0.605 E0.0299 F960
G1 X26.070 Y-0.722 E0.0074 F960
G1 X26.164 Y-0.834 E0.0091 F960
G1 X26.582 Y-1.119 E0.0316 F960
G1 X26.741 Y-1.369 E0.0185 F960
G1 X26.833 Y-1.606 E0.0158 F960
G1 X26.923 Y-1.750 E0.0106 F960
G1 X27.023 Y-1.808 E0.0072 F960
G1 X27.193 Y-1.813 E0.0106 F960
G1 X27.443 Y-1.775 E0.0158 F960
G1 X27.740 Y-1.787 E0.0185 F960
G1 X28.196 Y-2.007 E0.0316 F960
G1 X28.339 Y-2.033 E0.0091 F960
G1 X28.451 Y-1.991 E0.0074 F960
G1 X28.786 Y-1.648 E0.0299 F960
G1 X29.034 Y-1.505 E0.0178 F960
G1 X29.499 Y-1.386 E0.0299 F960
G1 X29.591 Y-1.310 E0.0074 F960
G1 X29.640 Y-1.173 E0.0091 F960
G1 X29.678 Y-0.668 E0.0316 F960
G1 X29.815 Y-0.405 E0.0185 F960
G1 X29.974 Y-0.207 E0.0158 F960
G1 X30.054 Y-0.058 E0.0106 F960
G1 X30.054 Y0.058 E0.0072 F960
G1 X29.974 Y0.207 E0.0106 F960
G1 X29.815 Y0.405 E0.0158 F960
G1 X29.678 Y0.668 E0.0185 F960
G1 X29.640 Y1.173 E0.0316 F960
G0 X28.854 Y0.854 Z6.600
G1 X27.187 Y-0.813 E0.1470 F1200
G0 X26.825 Y-0.468 Z6.600
G1 X28.390 Y1.097 E0.1380 F1200
G0 X27.696 Y1.110 Z6.600
G1 X26.848 Y0.262 E0.0748 F1200
G0 X27.601 Y-1.106 Z6.600
G1 X29.074 Y0.367 E0.1299 F1200
G0 X29.103 Y-0.311 Z6.600
G1 X28.169 Y-1.245 E0.0823 F1200
G1 E-0.8 F1800
G0 Z15
M621
M104 S0
M6 T1
M3 S9000
G0 X0 Y0 Z15      ; over the plate centre, where turning the plate moves nothing
M620              ; polar mode again: the plate brings each point to the arm
; finishing, ball R1.5875 mm, stepover 0.45 mm
G0 Z12.000
G0 X25.957 Y-9.907
G1 Z0.600 F120
G1 X30.357 Y-9.907 Z0.600 F540
G1 X31.557 Y-9.457 Z0.600 F540
G1 X31.157 Y-9.457 Z0.600 F540
G1 X30.757 Y-9.457 Z2.243 F540
G1 X30.357 Y-9.457 Z2.710 F540
G1 X29.957 Y-9.457 Z2.940 F540
G1 X29.557 Y-9.457 Z3.017 F540
G1 X29.157 Y-9.457 Z3.040 F540
G1 X28.757 Y-9.457 Z3.015 F540
G1 X28.357 Y-9.457 Z2.928 F540
G1 X27.957 Y-9.457 Z2.713 F540
G1 X27.557 Y-9.457 Z2.303 F540
G1 X27.157 Y-9.457 Z0.600 F540
G1 X24.357 Y-9.457 Z0.600 F540
G1 X23.557 Y-9.007 Z0.600 F540
G1 X23.957 Y-9.007 Z2.225 F540
G1 X24.357 Y-9.007 Z2.360 F540
G1 X24.757 Y-9.007 Z2.375 F540
G1 X25.157 Y-9.007 Z2.358 F540
G1 X25.557 Y-9.007 Z2.308 F540
G1 X25.957 Y-9.007 Z0.600 F540
G1 X26.357 Y-9.007 Z0.600 F540
G1 X26.757 Y-9.007 Z2.442 F540
G1 X27.157 Y-9.007 Z2.817 F540
G1 X27.557 Y-9.007 Z3.035 F540
G1 X27.957 Y-9.007 Z3.216 F540
G1 X28.357 Y-9.007 Z3.330 F540
G1 X28.757 Y-9.007 Z3.411 F540
G1 X29.157 Y-9.007 Z3.431 F540
G1 X29.557 Y-9.007 Z3.402 F540
G1 X29.957 Y-9.007 Z3.333 F540
G1 X30.357 Y-9.007 Z3.201 F540
G1 X30.757 Y-9.007 Z3.012 F540
G1 X31.157 Y-9.007 Z2.617 F540
G1 X31.557 Y-9.007 Z0.600 F540
G1 X32.757 Y-9.007 Z0.600 F540
G1 X33.157 Y-8.557 Z0.600 F540
G1 X31.957 Y-8.557 Z0.600 F540
G1 X31.557 Y-8.557 Z2.714 F540
G1 X31.157 Y-8.557 Z3.116 F540
G1 X30.757 Y-8.557 Z3.342 F540
G1 X30.357 Y-8.557 Z3.522 F540
G1 X29.957 Y-8.557 Z3.663 F540
G1 X29.557 Y-8.557 Z3.730 F540
G1 X29.157 Y-8.557 Z3.763 F540
G1 X28.757 Y-8.557 Z3.751 F540
G1 X28.357 Y-8.557 Z3.684 F540
G1 X27.957 Y-8.557 Z3.576 F540
G1 X27.557 Y-8.557 Z3.429 F540
G1 X26.757 Y-8.557 Z3.070 F540
G1 X26.357 Y-8.557 Z2.944 F540
G1 X25.957 Y-8.557 Z2.983 F540
G1 X25.557 Y-8.557 Z3.080 F540
G1 X25.157 Y-8.557 Z3.130 F540
G1 X24.757 Y-8.557 Z3.147 F540
G1 X24.357 Y-8.557 Z3.128 F540
G1 X23.957 Y-8.557 Z3.074 F540
G1 X23.557 Y-8.557 Z2.883 F540
G1 X23.157 Y-8.557 Z2.618 F540
G1 X22.757 Y-8.557 Z0.600 F540
G1 X21.957 Y-8.107 Z0.600 F540
G1 X22.357 Y-8.107 Z2.440 F540
G1 X22.757 Y-8.107 Z2.914 F540
G1 X23.157 Y-8.107 Z3.154 F540
G1 X23.557 Y-8.107 Z3.311 F540
G1 X23.957 Y-8.107 Z3.431 F540
G1 X24.357 Y-8.107 Z3.502 F540
G1 X24.757 Y-8.107 Z3.542 F540
G1 X25.157 Y-8.107 Z3.531 F540
G1 X25.557 Y-8.107 Z3.497 F540
G1 X26.357 Y-8.107 Z3.401 F540
G1 X26.757 Y-8.107 Z3.453 F540
G1 X27.557 Y-8.107 Z3.774 F540
G1 X27.957 Y-8.107 Z3.906 F540
G1 X28.357 Y-8.107 Z4.008 F540
G1 X28.757 Y-8.107 Z4.065 F540
G1 X29.157 Y-8.107 Z4.071 F540
G1 X29.557 Y-8.107 Z4.032 F540
G1 X29.957 Y-8.107 Z3.953 F540
G1 X30.357 Y-8.107 Z3.821 F540
G1 X30.757 Y-8.107 Z3.633 F540
G1 X31.157 Y-8.107 Z3.412 F540
G1 X31.557 Y-8.107 Z3.136 F540
G1 X31.957 Y-8.107 Z2.753 F540
G1 X32.357 Y-8.107 Z0.600 F540
G1 X33.957 Y-8.107 Z0.600 F540
G1 X34.357 Y-7.657 Z0.600 F540
G1 X33.157 Y-7.657 Z0.600 F540
G1 X32.757 Y-7.657 Z2.534 F540
G1 X31.957 Y-7.657 Z3.141 F540
G1 X31.157 Y-7.657 Z3.681 F540
G1 X30.757 Y-7.657 Z3.903 F540
G1 X30.357 Y-7.657 Z4.097 F540
G1 X29.957 Y-7.657 Z4.222 F540
G1 X29.557 Y-7.657 Z4.313 F540
G1 X29.157 Y-7.657 Z4.360 F540
G1 X28.757 Y-7.657 Z4.354 F540
G1 X28.357 Y-7.657 Z4.307 F540
G1 X27.957 Y-7.657 Z4.214 F540
G1 X27.557 Y-7.657 Z4.091 F540
G1 X27.157 Y-7.657 Z3.936 F540
G1 X26.757 Y-7.657 Z3.805 F540
G1 X26.357 Y-7.657 Z3.781 F540
G1 X25.557 Y-7.657 Z3.878 F540
G1 X25.157 Y-7.657 Z3.896 F540
G1 X24.757 Y-7.657 Z3.882 F540
G1 X24.357 Y-7.657 Z3.834 F540
G1 X23.957 Y-7.657 Z3.744 F540
G1 X23.557 Y-7.657 Z3.630 F540
G1 X23.157 Y-7.657 Z3.444 F540
G1 X22.757 Y-7.657 Z3.234 F540
G1 X22.357 Y-7.657 Z2.925 F540
G1 X21.957 Y-7.657 Z0.600 F540
G1 X21.557 Y-7.657 Z0.600 F540
G1 X21.157 Y-7.207 Z0.600 F540
G1 X21.557 Y-7.207 Z0.600 F540
G1 X21.957 Y-7.207 Z2.827 F540
G1 X22.357 Y-7.207 Z3.207 F540
G1 X22.757 Y-7.207 Z3.472 F540
G1 X23.157 Y-7.207 Z3.707 F540
G1 X23.557 Y-7.207 Z3.888 F540
G1 X23.957 Y-7.207 Z4.030 F540
G1 X24.357 Y-7.207 Z4.132 F540
G1 X24.757 Y-7.207 Z4.195 F540
G1 X25.157 Y-7.207 Z4.223 F540
G1 X25.557 Y-7.207 Z4.213 F540
G1 X26.357 Y-7.207 Z4.133 F540
G1 X26.757 Y-7.207 Z4.131 F540
G1 X27.157 Y-7.207 Z4.239 F540
G1 X27.557 Y-7.207 Z4.380 F540
G1 X27.957 Y-7.207 Z4.497 F540
G1 X28.357 Y-7.207 Z4.581 F540
G1 X28.757 Y-7.207 Z4.620 F540
G1 X29.157 Y-7.207 Z4.622 F540
G1 X29.557 Y-7.207 Z4.567 F540
G1 X29.957 Y-7.207 Z4.472 F540
G1 X30.357 Y-7.207 Z4.338 F540
G1 X30.757 Y-7.207 Z4.152 F540
G1 X31.157 Y-7.207 Z3.933 F540
G1 X31.957 Y-7.207 Z3.433 F540
G1 X32.357 Y-7.207 Z3.256 F540
G1 X32.757 Y-7.207 Z3.161 F540
G1 X33.557 Y-7.207 Z3.004 F540
G1 X33.957 Y-7.207 Z2.808 F540
G1 X34.357 Y-7.207 Z2.636 F540
G1 X34.757 Y-7.207 Z0.600 F540
G1 X35.157 Y-7.207 Z0.600 F540
G1 X35.557 Y-6.757 Z0.600 F540
G1 X35.157 Y-6.757 Z2.632 F540
G1 X34.757 Y-6.757 Z2.959 F540
G1 X34.357 Y-6.757 Z3.164 F540
G1 X33.557 Y-6.757 Z3.407 F540
G1 X32.757 Y-6.757 Z3.570 F540
G1 X32.357 Y-6.757 Z3.636 F540
G1 X31.957 Y-6.757 Z3.740 F540
G1 X31.557 Y-6.757 Z3.936 F540
G1 X30.757 Y-6.757 Z4.378 F540
G1 X30.357 Y-6.757 Z4.562 F540
G1 X29.957 Y-6.757 Z4.702 F540
G1 X29.557 Y-6.757 Z4.803 F540
G1 X29.157 Y-6.757 Z4.856 F540
G1 X28.757 Y-6.757 Z4.863 F540
G1 X28.357 Y-6.757 Z4.830 F540
G1 X27.957 Y-6.757 Z4.758 F540
G1 X27.157 Y-6.757 Z4.519 F540
G1 X26.757 Y-6.757 Z4.436 F540
G1 X26.357 Y-6.757 Z4.456 F540
G1 X25.957 Y-6.757 Z4.498 F540
G1 X25.557 Y-6.757 Z4.519 F540
G1 X25.157 Y-6.757 Z4.513 F540
G1 X24.757 Y-6.757 Z4.469 F540
G1 X24.357 Y-6.757 Z4.394 F540
G1 X23.957 Y-6.757 Z4.283 F540
G1 X23.557 Y-6.757 Z4.124 F540
G1 X23.157 Y-6.757 Z3.925 F540
G1 X22.757 Y-6.757 Z3.682 F540
G1 X22.357 Y-6.757 Z3.404 F540
G1 X21.957 Y-6.757 Z3.068 F540
G1 X21.557 Y-6.757 Z2.543 F540
G1 X21.157 Y-6.757 Z0.600 F540
G1 X20.757 Y-6.757 Z0.600 F540
G1 X20.357 Y-6.307 Z0.600 F540
G1 X21.157 Y-6.307 Z0.600 F540
G1 X21.557 Y-6.307 Z2.817 F540
G1 X21.957 Y-6.307 Z3.238 F540
G1 X22.357 Y-6.307 Z3.578 F540
G1 X22.757 Y-6.307 Z3.869 F540
G1 X23.157 Y-6.307 Z4.114 F540
G1 X23.557 Y-6.307 Z4.326 F540
G1 X23.957 Y-6.307 Z4.497 F540
G1 X24.357 Y-6.307 Z4.625 F540
G1 X24.757 Y-6.307 Z4.717 F540
G1 X25.157 Y-6.307 Z4.773 F540
G1 X25.557 Y-6.307 Z4.792 F540
G1 X25.957 Y-6.307 Z4.783 F540
G1 X26.757 Y-6.307 Z4.719 F540
G1 X27.157 Y-6.307 Z4.773 F540
G1 X27.957 Y-6.307 Z4.996 F540
G1 X28.357 Y-6.307 Z5.057 F540
G1 X28.757 Y-6.307 Z5.087 F540
G1 X29.157 Y-6.307 Z5.072 F540
G1 X29.557 Y-6.307 Z5.016 F540
G1 X29.957 Y-6.307 Z4.910 F540
G1 X30.357 Y-6.307 Z4.771 F540
G1 X31.557 Y-6.307 Z4.182 F540
G1 X31.957 Y-6.307 Z4.066 F540
G1 X33.157 Y-6.307 Z3.859 F540
G1 X33.957 Y-6.307 Z3.641 F540
G1 X34.357 Y-6.307 Z3.481 F540
G1 X34.757 Y-6.307 Z3.296 F540
G1 X35.157 Y-6.307 Z3.066 F540
G1 X35.557 Y-6.307 Z2.683 F540
G1 X35.957 Y-6.307 Z0.600 F540
G1 X35.957 Y-5.857 Z2.386 F540
G1 X35.557 Y-5.857 Z2.998 F540
G1 X35.157 Y-5.857 Z3.321 F540
G1 X34.757 Y-5.857 Z3.549 F540
G1 X34.357 Y-5.857 Z3.750 F540
G1 X33.957 Y-5.857 Z3.925 F540
G1 X33.557 Y-5.857 Z4.067 F540
G1 X33.157 Y-5.857 Z4.178 F540
G1 X32.357 Y-5.857 Z4.330 F540
G1 X31.557 Y-5.857 Z4.455 F540
G1 X31.157 Y-5.857 Z4.587 F540
G1 X30.357 Y-5.857 Z4.955 F540
G1 X29.957 Y-5.857 Z5.101 F540
G1 X29.557 Y-5.857 Z5.206 F540
G1 X29.157 Y-5.857 Z5.270 F540
G1 X28.757 Y-5.857 Z5.291 F540
G1 X28.357 Y-5.857 Z5.269 F540
G1 X27.957 Y-5.857 Z5.213 F540
G1 X27.157 Y-5.857 Z5.012 F540
G1 X26.757 Y-5.857 Z4.980 F540
G1 X25.957 Y-5.857 Z5.037 F540
G1 X25.557 Y-5.857 Z5.036 F540
G1 X25.157 Y-5.857 Z4.998 F540
G1 X24.757 Y-5.857 Z4.935 F540
G1 X24.357 Y-5.857 Z4.828 F540
G1 X23.957 Y-5.857 Z4.679 F540
G1 X23.557 Y-5.857 Z4.499 F540
G1 X23.157 Y-5.857 Z4.278 F540
G1 X22.757 Y-5.857 Z4.023 F540
G1 X22.357 Y-5.857 Z3.721 F540
G1 X21.557 Y-5.857 Z3.039 F540
G1 X21.157 Y-5.857 Z2.437 F540
G1 X20.757 Y-5.857 Z0.600 F540
G1 X19.957 Y-5.857 Z0.600 F540
G1 X19.557 Y-5.407 Z0.600 F540
G1 X20.357 Y-5.407 Z0.600 F540
G1 X20.757 Y-5.407 Z2.643 F540
G1 X21.157 Y-5.407 Z2.998 F540
G1 X21.557 Y-5.407 Z3.248 F540
G1 X22.757 Y-5.407 Z4.153 F540
G1 X23.157 Y-5.407 Z4.415 F540
G1 X23.557 Y-5.407 Z4.649 F540
G1 X23.957 Y-5.407 Z4.837 F540
G1 X24.357 Y-5.407 Z5.005 F540
G1 X24.757 Y-5.407 Z5.118 F540
G1 X25.157 Y-5.407 Z5.203 F540
G1 X25.557 Y-5.407 Z5.253 F540
G1 X25.957 Y-5.407 Z5.265 F540
G1 X26.357 Y-5.407 Z5.256 F540
G1 X26.757 Y-5.407 Z5.224 F540
G1 X27.157 Y-5.407 Z5.232 F540
G1 X27.957 Y-5.407 Z5.410 F540
G1 X28.357 Y-5.407 Z5.462 F540
G1 X28.757 Y-5.407 Z5.473 F540
G1 X29.157 Y-5.407 Z5.450 F540
G1 X29.557 Y-5.407 Z5.381 F540
G1 X29.957 Y-5.407 Z5.271 F540
G1 X30.357 Y-5.407 Z5.126 F540
G1 X30.757 Y-5.407 Z4.957 F540
G1 X31.157 Y-5.407 Z4.810 F540
G1 X31.557 Y-5.407 Z4.734 F540
G1 X32.357 Y-5.407 Z4.624 F540
G1 X32.757 Y-5.407 Z4.552 F540
G1 X33.157 Y-5.407 Z4.446 F540
G1 X33.557 Y-5.407 Z4.321 F540
G1 X33.957 Y-5.407 Z4.162 F540
G1 X34.757 Y-5.407 Z3.766 F540
G1 X35.157 Y-5.407 Z3.504 F540
G1 X35.557 Y-5.407 Z3.221 F540
G1 X35.957 Y-5.407 Z2.792 F540
G1 X36.357 Y-5.407 Z0.600 F540
G1 X36.757 Y-4.957 Z0.600 F540
G1 X36.357 Y-4.957 Z2.302 F540
G1 X35.957 Y-4.957 Z3.010 F540
G1 X35.557 Y-4.957 Z3.352 F540
G1 X35.157 Y-4.957 Z3.655 F540
G1 X34.357 Y-4.957 Z4.157 F540
G1 X33.957 Y-4.957 Z4.353 F540
G1 X33.557 Y-4.957 Z4.528 F540
G1 X33.157 Y-4.957 Z4.673 F540
G1 X32.757 Y-4.957 Z4.791 F540
G1 X32.357 Y-4.957 Z4.883 F540
G1 X31.157 Y-4.957 Z5.046 F540
G1 X30.757 Y-4.957 Z5.131 F540
G1 X29.957 Y-4.957 Z5.427 F540
G1 X29.557 Y-4.957 Z5.538 F540
G1 X29.157 Y-4.957 Z5.607 F540
G1 X28.757 Y-4.957 Z5.643 F540
G1 X28.357 Y-4.957 Z5.638 F540
G1 X27.957 Y-4.957 Z5.589 F540
G1 X27.157 Y-4.957 Z5.435 F540
G1 X25.957 Y-4.957 Z5.468 F540
G1 X25.557 Y-4.957 Z5.437 F540
G1 X25.157 Y-4.957 Z5.382 F540
G1 X24.757 Y-4.957 Z5.280 F540
G1 X24.357 Y-4.957 Z5.145 F540
G1 X23.957 Y-4.957 Z4.976 F540
G1 X23.557 Y-4.957 Z4.773 F540
G1 X23.157 Y-4.957 Z4.534 F540
G1 X22.357 Y-4.957 Z4.002 F540
G1 X21.957 Y-4.957 Z3.755 F540
G1 X20.757 Y-4.957 Z3.163 F540
G1 X20.357 Y-4.957 Z2.929 F540
G1 X19.957 Y-4.957 Z2.556 F540
G1 X19.557 Y-4.957 Z0.600 F540
G1 X19.157 Y-4.957 Z0.600 F540
G1 X19.157 Y-4.507 Z0.600 F540
G1 X19.557 Y-4.507 Z2.750 F540
G1 X19.957 Y-4.507 Z3.092 F540
G1 X20.357 Y-4.507 Z3.314 F540
G1 X21.157 Y-4.507 Z3.706 F540
G1 X22.357 Y-4.507 Z4.207 F540
G1 X22.757 Y-4.507 Z4.405 F540
G1 X23.557 Y-4.507 Z4.873 F540
G1 X23.957 Y-4.507 Z5.086 F540
G1 X24.357 Y-4.507 Z5.262 F540
G1 X24.757 Y-4.507 Z5.414 F540
G1 X25.157 Y-4.507 Z5.526 F540
G1 X25.557 Y-4.507 Z5.600 F540
G1 X25.957 Y-4.507 Z5.643 F540
G1 X26.757 Y-4.507 Z5.639 F540
G1 X27.157 Y-4.507 Z5.620 F540
G1 X27.957 Y-4.507 Z5.749 F540
G1 X28.357 Y-4.507 Z5.793 F540
G1 X28.757 Y-4.507 Z5.795 F540
G1 X29.157 Y-4.507 Z5.753 F540
G1 X29.557 Y-4.507 Z5.676 F540
G1 X29.957 Y-4.507 Z5.563 F540
G1 X30.357 Y-4.507 Z5.428 F540
G1 X30.757 Y-4.507 Z5.326 F540
G1 X31.557 Y-4.507 Z5.239 F540
G1 X31.957 Y-4.507 Z5.178 F540
G1 X32.357 Y-4.507 Z5.097 F540
G1 X33.157 Y-4.507 Z4.855 F540
G1 X33.557 Y-4.507 Z4.696 F540
G1 X33.957 Y-4.507 Z4.506 F540
G1 X34.757 Y-4.507 Z4.043 F540
G1 X35.157 Y-4.507 Z3.755 F540
G1 X35.557 Y-4.507 Z3.435 F540
G1 X35.957 Y-4.507 Z3.086 F540
G1 X36.357 Y-4.507 Z2.435 F540
G1 X36.757 Y-4.507 Z0.600 F540
G1 X37.157 Y-4.057 Z0.600 F540
G1 X36.757 Y-4.057 Z0.600 F540
G1 X36.357 Y-4.057 Z2.468 F540
G1 X35.957 Y-4.057 Z3.118 F540
G1 X35.557 Y-4.057 Z3.480 F540
G1 X35.157 Y-4.057 Z3.813 F540
G1 X34.757 Y-4.057 Z4.118 F540
G1 X34.357 Y-4.057 Z4.378 F540
G1 X33.957 Y-4.057 Z4.615 F540
G1 X33.557 Y-4.057 Z4.817 F540
G1 X33.157 Y-4.057 Z4.997 F540
G1 X32.757 Y-4.057 Z5.146 F540
G1 X31.957 Y-4.057 Z5.366 F540
G1 X31.157 Y-4.057 Z5.494 F540
G1 X30.357 Y-4.057 Z5.576 F540
G1 X29.557 Y-4.057 Z5.800 F540
G1 X29.157 Y-4.057 Z5.881 F540
G1 X28.757 Y-4.057 Z5.926 F540
G1 X28.357 Y-4.057 Z5.930 F540
G1 X27.957 Y-4.057 Z5.892 F540
G1 X27.557 Y-4.057 Z5.829 F540
G1 X27.157 Y-4.057 Z5.790 F540
G1 X26.357 Y-4.057 Z5.817 F540
G1 X25.957 Y-4.057 Z5.794 F540
G1 X25.557 Y-4.057 Z5.741 F540
G1 X25.157 Y-4.057 Z5.646 F540
G1 X24.757 Y-4.057 Z5.521 F540
G1 X24.357 Y-4.057 Z5.360 F540
G1 X23.957 Y-4.057 Z5.177 F540
G1 X23.157 Y-4.057 Z4.772 F540
G1 X21.557 Y-4.057 Z4.175 F540
G1 X21.157 Y-4.057 Z4.004 F540
G1 X20.357 Y-4.057 Z3.603 F540
G1 X19.957 Y-4.057 Z3.379 F540
G1 X19.557 Y-4.057 Z3.118 F540
G1 X19.157 Y-4.057 Z2.761 F540
G1 X18.757 Y-4.057 Z0.600 F540
G1 X18.757 Y-3.607 Z2.483 F540
G1 X19.157 Y-3.607 Z3.028 F540
G1 X19.557 Y-3.607 Z3.342 F540
G1 X20.357 Y-3.607 Z3.844 F540
G1 X21.157 Y-3.607 Z4.243 F540
G1 X21.957 Y-3.607 Z4.587 F540
G1 X22.757 Y-3.607 Z4.858 F540
G1 X23.557 Y-3.607 Z5.109 F540
G1 X24.757 Y-3.607 Z5.606 F540
G1 X25.157 Y-3.607 Z5.747 F540
G1 X25.557 Y-3.607 Z5.851 F540
G1 X25.957 Y-3.607 Z5.917 F540
G1 X26.357 Y-3.607 Z5.956 F540
G1 X27.157 Y-3.607 Z5.946 F540
G1 X27.557 Y-3.607 Z5.963 F540
G1 X27.957 Y-3.607 Z6.019 F540
G1 X28.357 Y-3.607 Z6.051 F540
G1 X28.757 Y-3.607 Z6.043 F540
G1 X29.157 Y-3.607 Z5.995 F540
G1 X29.557 Y-3.607 Z5.909 F540
G1 X29.957 Y-3.607 Z5.802 F540
G1 X30.357 Y-3.607 Z5.748 F540
G1 X31.157 Y-3.607 Z5.669 F540
G1 X31.557 Y-3.607 Z5.605 F540
G1 X31.957 Y-3.607 Z5.515 F540
G1 X32.357 Y-3.607 Z5.401 F540
G1 X32.757 Y-3.607 Z5.262 F540
G1 X33.157 Y-3.607 Z5.096 F540
G1 X33.557 Y-3.607 Z4.906 F540
G1 X33.957 Y-3.607 Z4.682 F540
G1 X34.357 Y-3.607 Z4.436 F540
G1 X34.757 Y-3.607 Z4.154 F540
G1 X35.557 Y-3.607 Z3.502 F540
G1 X35.957 Y-3.607 Z3.128 F540
G1 X36.357 Y-3.607 Z2.476 F540
G1 X36.757 Y-3.607 Z0.600 F540
G1 X37.157 Y-3.607 Z0.600 F540
G1 X37.557 Y-3.157 Z0.600 F540
G1 X36.757 Y-3.157 Z0.600 F540
G1 X36.357 Y-3.157 Z2.544 F540
G1 X35.957 Y-3.157 Z3.147 F540
G1 X35.557 Y-3.157 Z3.513 F540
G1 X34.757 Y-3.157 Z4.167 F540
G1 X34.357 Y-3.157 Z4.458 F540
G1 X33.557 Y-3.157 Z4.954 F540
G1 X33.157 Y-3.157 Z5.159 F540
G1 X32.357 Y-3.157 Z5.498 F540
G1 X31.957 Y-3.157 Z5.625 F540
G1 X31.557 Y-3.157 Z5.730 F540
G1 X30.757 Y-3.157 Z5.870 F540
G1 X29.957 Y-3.157 Z5.935 F540
G1 X29.157 Y-3.157 Z6.091 F540
G1 X28.757 Y-3.157 Z6.144 F540
G1 X28.357 Y-3.157 Z6.157 F540
G1 X27.957 Y-3.157 Z6.133 F540
G1 X27.557 Y-3.157 Z6.082 F540
G1 X26.757 Y-3.157 Z6.087 F540
G1 X26.357 Y-3.157 Z6.071 F540
G1 X25.957 Y-3.157 Z6.022 F540
G1 X25.557 Y-3.157 Z5.933 F540
G1 X25.157 Y-3.157 Z5.821 F540
G1 X24.357 Y-3.157 Z5.525 F540
G1 X22.757 Y-3.157 Z5.072 F540
G1 X21.957 Y-3.157 Z4.789 F540
G1 X21.157 Y-3.157 Z4.444 F540
G1 X20.357 Y-3.157 Z4.017 F540
G1 X19.557 Y-3.157 Z3.504 F540
G1 X19.157 Y-3.157 Z3.203 F540
G1 X18.757 Y-3.157 Z2.802 F540
G1 X18.357 Y-3.157 Z0.600 F540
G1 X18.357 Y-2.707 Z0.600 F540
G1 X18.757 Y-2.707 Z2.894 F540
G1 X19.157 Y-2.707 Z3.287 F540
G1 X19.557 Y-2.707 Z3.604 F540
G1 X19.957 Y-2.707 Z3.879 F540
G1 X20.757 Y-2.707 Z4.367 F540
G1 X21.557 Y-2.707 Z4.774 F540
G1 X22.357 Y-2.707 Z5.109 F540
G1 X23.157 Y-2.707 Z5.368 F540
G1 X24.757 Y-2.707 Z5.755 F540
G1 X25.557 Y-2.707 Z6.000 F540
G1 X25.957 Y-2.707 Z6.100 F540
G1 X26.357 Y-2.707 Z6.160 F540
G1 X26.757 Y-2.707 Z6.194 F540
G1 X27.557 Y-2.707 Z6.188 F540
G1 X27.957 Y-2.707 Z6.230 F540
G1 X28.357 Y-2.707 Z6.245 F540
G1 X28.757 Y-2.707 Z6.229 F540
G1 X29.557 Y-2.707 Z6.096 F540
G1 X30.357 Y-2.707 Z6.039 F540
G1 X31.157 Y-2.707 Z5.917 F540
G1 X31.957 Y-2.707 Z5.700 F540
G1 X32.757 Y-2.707 Z5.383 F540
G1 X33.157 Y-2.707 Z5.190 F540
G1 X33.557 Y-2.707 Z4.969 F540
G1 X34.357 Y-2.707 Z4.466 F540
G1 X35.557 Y-2.707 Z3.585 F540
G1 X35.957 Y-2.707 Z3.277 F540
G1 X36.357 Y-2.707 Z2.940 F540
G1 X36.757 Y-2.707 Z2.371 F540
G1 X37.157 Y-2.707 Z0.600 F540
G1 X37.557 Y-2.707 Z0.600 F540
G1 X37.557 Y-2.257 Z0.600 F540
G1 X37.157 Y-2.257 Z0.600 F540
G1 X36.757 Y-2.257 Z2.885 F540
G1 X36.357 Y-2.257 Z3.226 F540
G1 X35.957 Y-2.257 Z3.514 F540
G1 X35.157 Y-2.257 Z4.038 F540
G1 X33.557 Y-2.257 Z4.976 F540
G1 X32.757 Y-2.257 Z5.398 F540
G1 X31.957 Y-2.257 Z5.735 F540
G1 X31.557 Y-2.257 Z5.872 F540
G1 X31.157 Y-2.257 Z5.985 F540
G1 X30.757 Y-2.257 Z6.074 F540
G1 X29.957 Y-2.257 Z6.182 F540
G1 X29.157 Y-2.257 Z6.241 F540
G1 X28.757 Y-2.257 Z6.298 F540
G1 X28.357 Y-2.257 Z6.321 F540
G1 X27.957 Y-2.257 Z6.312 F540
G1 X27.557 Y-2.257 Z6.279 F540
G1 X26.757 Y-2.257 Z6.277 F540
G1 X26.357 Y-2.257 Z6.232 F540
G1 X25.957 Y-2.257 Z6.153 F540
G1 X25.157 Y-2.257 Z5.959 F540
G1 X23.957 Y-2.257 Z5.723 F540
G1 X23.157 Y-2.257 Z5.505 F540
G1 X22.757 Y-2.257 Z5.371 F540
G1 X21.957 Y-2.257 Z5.054 F540
G1 X21.157 Y-2.257 Z4.666 F540
G1 X20.757 Y-2.257 Z4.442 F540
G1 X19.957 Y-2.257 Z3.930 F540
G1 X19.157 Y-2.257 Z3.316 F540
G1 X18.757 Y-2.257 Z2.922 F540
G1 X18.357 Y-2.257 Z0.600 F540
G1 X18.357 Y-1.807 Z0.600 F540
G1 X18.757 Y-1.807 Z2.881 F540
G1 X19.157 Y-1.807 Z3.289 F540
G1 X19.957 Y-1.807 Z3.929 F540
G1 X20.357 Y-1.807 Z4.208 F540
G1 X21.157 Y-1.807 Z4.690 F540
G1 X21.557 Y-1.807 Z4.910 F540
G1 X21.957 Y-1.807 Z5.109 F540
G1 X22.757 Y-1.807 Z5.444 F540
G1 X23.157 Y-1.807 Z5.591 F540
G1 X23.957 Y-1.807 Z5.823 F540
G1 X24.757 Y-1.807 Z6.008 F540
G1 X25.957 Y-1.807 Z6.197 F540
G1 X26.357 Y-1.807 Z6.279 F540
G1 X26.757 Y-1.807 Z6.334 F540
G1 X27.157 Y-1.807 Z6.362 F540
G1 X27.557 Y-1.807 Z6.358 F540
G1 X28.357 Y-1.807 Z6.383 F540
G1 X29.157 Y-1.807 Z6.313 F540
G1 X29.957 Y-1.807 Z6.258 F540
G1 X30.357 Y-1.807 Z6.204 F540
G1 X30.757 Y-1.807 Z6.122 F540
G1 X31.557 Y-1.807 Z5.891 F540
G1 X31.957 Y-1.807 Z5.745 F540
G1 X33.957 Y-1.807 Z4.873 F540
G1 X34.757 Y-1.807 Z4.475 F540
G1 X35.557 Y-1.807 Z4.010 F540
G1 X36.357 Y-1.807 Z3.482 F540
G1 X36.757 Y-1.807 Z3.190 F540
G1 X37.157 Y-1.807 Z2.817 F540
G1 X37.557 Y-1.807 Z0.600 F540
G1 X37.957 Y-1.807 Z0.600 F540
G1 X37.957 Y-1.357 Z0.600 F540
G1 X37.557 Y-1.357 Z2.541 F540
G1 X37.157 Y-1.357 Z3.080 F540
G1 X36.757 Y-1.357 Z3.412 F540
G1 X35.957 Y-1.357 Z3.957 F540
G1 X35.157 Y-1.357 Z4.440 F540
G1 X34.357 Y-1.357 Z4.854 F540
G1 X33.557 Y-1.357 Z5.207 F540
G1 X32.757 Y-1.357 Z5.509 F540
G1 X31.157 Y-1.357 Z6.023 F540
G1 X30.357 Y-1.357 Z6.232 F540
G1 X29.557 Y-1.357 Z6.357 F540
G1 X28.357 Y-1.357 Z6.431 F540
G1 X27.157 Y-1.357 Z6.414 F540
G1 X25.557 Y-1.357 Z6.220 F540
G1 X24.757 Y-1.357 Z6.079 F540
G1 X23.957 Y-1.357 Z5.885 F540
G1 X23.557 Y-1.357 Z5.767 F540
G1 X22.757 Y-1.357 Z5.467 F540
G1 X21.957 Y-1.357 Z5.114 F540
G1 X21.157 Y-1.357 Z4.676 F540
G1 X20.757 Y-1.357 Z4.430 F540
G1 X20.357 Y-1.357 Z4.163 F540
G1 X19.957 Y-1.357 Z3.866 F540
G1 X19.157 Y-1.357 Z3.212 F540
G1 X18.757 Y-1.357 Z2.794 F540
G1 X18.357 Y-1.357 Z0.600 F540
G1 X17.957 Y-1.357 Z0.600 F540
G1 X17.957 Y-0.907 Z0.600 F540
G1 X18.357 Y-0.907 Z0.600 F540
G1 X18.757 Y-0.907 Z2.454 F540
G1 X19.157 Y-0.907 Z3.085 F540
G1 X19.557 Y-0.907 Z3.437 F540
G1 X19.957 Y-0.907 Z3.768 F540
G1 X20.357 Y-0.907 Z4.075 F540
G1 X20.757 Y-0.907 Z4.353 F540
G1 X21.157 Y-0.907 Z4.610 F540
G1 X21.957 Y-0.907 Z5.069 F540
G1 X22.357 Y-0.907 Z5.272 F540
G1 X23.157 Y-0.907 Z5.612 F540
G1 X23.557 Y-0.907 Z5.763 F540
G1 X24.357 Y-0.907 Z6.011 F540
G1 X25.157 Y-0.907 Z6.202 F540
G1 X25.957 Y-0.907 Z6.325 F540
G1 X27.157 Y-0.907 Z6.441 F540
G1 X27.957 Y-0.907 Z6.466 F540
G1 X29.157 Y-0.907 Z6.426 F540
G1 X29.957 Y-0.907 Z6.319 F540
G1 X31.157 Y-0.907 Z6.071 F540
G1 X32.357 Y-0.907 Z5.754 F540
G1 X33.157 Y-0.907 Z5.485 F540
G1 X33.957 Y-0.907 Z5.159 F540
G1 X34.757 Y-0.907 Z4.789 F540
G1 X35.157 Y-0.907 Z4.579 F540
G1 X35.957 Y-0.907 Z4.102 F540
G1 X36.757 Y-0.907 Z3.564 F540
G1 X37.157 Y-0.907 Z3.261 F540
G1 X37.557 Y-0.907 Z2.832 F540
G1 X37.957 Y-0.907 Z0.600 F540
G1 X37.957 Y-0.457 Z2.220 F540
G1 X37.557 Y-0.457 Z2.997 F540
G1 X37.157 Y-0.457 Z3.355 F540
G1 X36.757 Y-0.457 Z3.660 F540
G1 X36.357 Y-0.457 Z3.939 F540
G1 X35.557 Y-0.457 Z4.440 F540
G1 X34.757 Y-0.457 Z4.878 F540
G1 X33.957 Y-0.457 Z5.250 F540
G1 X33.157 Y-0.457 Z5.568 F540
G1 X32.357 Y-0.457 Z5.832 F540
G1 X31.557 Y-0.457 Z6.049 F540
G1 X30.757 Y-0.457 Z6.221 F540
G1 X29.557 Y-0.457 Z6.394 F540
G1 X28.757 Y-0.457 Z6.472 F540
G1 X27.557 Y-0.457 Z6.483 F540
G1 X26.757 Y-0.457 Z6.439 F540
G1 X25.957 Y-0.457 Z6.347 F540
G1 X25.157 Y-0.457 Z6.194 F540
G1 X24.357 Y-0.457 Z5.988 F540
G1 X23.557 Y-0.457 Z5.721 F540
G1 X22.757 Y-0.457 Z5.392 F540
G1 X21.957 Y-0.457 Z4.992 F540
G1 X21.157 Y-0.457 Z4.518 F540
G1 X20.757 Y-0.457 Z4.251 F540
G1 X20.357 Y-0.457 Z3.959 F540
G1 X19.957 Y-0.457 Z3.643 F540
G1 X19.557 Y-0.457 Z3.305 F540
G1 X19.157 Y-0.457 Z2.905 F540
G1 X18.757 Y-0.457 Z0.600 F540
G1 X17.957 Y-0.457 Z0.600 F540
G1 X17.957 Y-0.007 Z0.600 F540
G1 X18.757 Y-0.007 Z0.600 F540
G1 X19.157 Y-0.007 Z2.742 F540
G1 X19.557 Y-0.007 Z3.222 F540
G1 X19.957 Y-0.007 Z3.564 F540
G1 X20.357 Y-0.007 Z3.883 F540
G1 X20.757 Y-0.007 Z4.180 F540
G1 X21.157 Y-0.007 Z4.451 F540
G1 X21.957 Y-0.007 Z4.929 F540
G1 X22.357 Y-0.007 Z5.144 F540
G1 X23.157 Y-0.007 Z5.512 F540
G1 X23.957 Y-0.007 Z5.820 F540
G1 X24.757 Y-0.007 Z6.065 F540
G1 X25.557 Y-0.007 Z6.255 F540
G1 X26.357 Y-0.007 Z6.387 F540
G1 X27.157 Y-0.007 Z6.470 F540
G1 X27.957 Y-0.007 Z6.495 F540
G1 X28.757 Y-0.007 Z6.478 F540
G1 X29.557 Y-0.007 Z6.416 F540
G1 X30.757 Y-0.007 Z6.244 F540
G1 X31.557 Y-0.007 Z6.072 F540
G1 X32.357 Y-0.007 Z5.857 F540
G1 X33.157 Y-0.007 Z5.592 F540
G1 X33.957 Y-0.007 Z5.274 F540
G1 X34.757 Y-0.007 Z4.904 F540
G1 X35.557 Y-0.007 Z4.468 F540
G1 X36.357 Y-0.007 Z3.970 F540
G1 X36.757 Y-0.007 Z3.692 F540
G1 X37.157 Y-0.007 Z3.390 F540
G1 X37.557 Y-0.007 Z3.063 F540
G1 X37.957 Y-0.007 Z2.411 F540
G1 X37.957 Y0.443 Z2.293 F540
G1 X37.557 Y0.443 Z3.014 F540
G1 X37.157 Y0.443 Z3.356 F540
G1 X36.757 Y0.443 Z3.662 F540
G1 X36.357 Y0.443 Z3.941 F540
G1 X35.557 Y0.443 Z4.443 F540
G1 X34.757 Y0.443 Z4.880 F540
G1 X33.957 Y0.443 Z5.248 F540
G1 X33.157 Y0.443 Z5.567 F540
G1 X32.357 Y0.443 Z5.832 F540
G1 X31.557 Y0.443 Z6.050 F540
G1 X30.757 Y0.443 Z6.221 F540
G1 X29.557 Y0.443 Z6.396 F540
G1 X28.757 Y0.443 Z6.469 F540
G1 X27.957 Y0.443 Z6.489 F540
G1 X27.157 Y0.443 Z6.467 F540
G1 X25.957 Y0.443 Z6.345 F540
G1 X25.157 Y0.443 Z6.196 F540
G1 X24.357 Y0.443 Z5.988 F540
G1 X23.557 Y0.443 Z5.716 F540
G1 X22.757 Y0.443 Z5.389 F540
G1 X21.957 Y0.443 Z4.990 F540
G1 X21.157 Y0.443 Z4.517 F540
G1 X20.757 Y0.443 Z4.250 F540
G1 X20.357 Y0.443 Z3.957 F540
G1 X19.557 Y0.443 Z3.302 F540
G1 X19.157 Y0.443 Z2.886 F540
G1 X18.757 Y0.443 Z0.600 F540
G1 X17.957 Y0.443 Z0.600 F540
G1 X17.957 Y0.893 Z0.600 F540
G1 X18.357 Y0.893 Z0.600 F540
G1 X18.757 Y0.893 Z2.444 F540
G1 X19.157 Y0.893 Z3.075 F540
G1 X19.557 Y0.893 Z3.432 F540
G1 X20.357 Y0.893 Z4.072 F540
G1 X20.757 Y0.893 Z4.353 F540
G1 X21.157 Y0.893 Z4.610 F540
G1 X21.957 Y0.893 Z5.069 F540
G1 X22.757 Y0.893 Z5.445 F540
G1 X23.557 Y0.893 Z5.762 F540
G1 X23.957 Y0.893 Z5.897 F540
G1 X24.757 Y0.893 Z6.112 F540
G1 X25.557 Y0.893 Z6.273 F540
G1 X26.357 Y0.893 Z6.375 F540
G1 X27.557 Y0.893 Z6.464 F540
G1 X28.757 Y0.893 Z6.448 F540
G1 X29.157 Y0.893 Z6.425 F540
G1 X29.957 Y0.893 Z6.318 F540
G1 X31.557 Y0.893 Z5.979 F540
G1 X32.357 Y0.893 Z5.758 F540
G1 X33.157 Y0.893 Z5.492 F540
G1 X33.957 Y0.893 Z5.169 F540
G1 X34.757 Y0.893 Z4.795 F540
G1 X35.557 Y0.893 Z4.355 F540
G1 X36.357 Y0.893 Z3.850 F540
G1 X36.757 Y0.893 Z3.569 F540
G1 X37.157 Y0.893 Z3.265 F540
G1 X37.557 Y0.893 Z2.834 F540
G1 X37.957 Y0.893 Z0.600 F540
G1 X37.957 Y1.343 Z0.600 F540
G1 X37.557 Y1.343 Z2.601 F540
G1 X37.157 Y1.343 Z3.097 F540
G1 X36.757 Y1.343 Z3.411 F540
G1 X36.357 Y1.343 Z3.695 F540
G1 X35.557 Y1.343 Z4.210 F540
G1 X34.757 Y1.343 Z4.659 F540
G1 X33.957 Y1.343 Z5.039 F540
G1 X33.157 Y1.343 Z5.370 F540
G1 X31.157 Y1.343 Z6.025 F540
G1 X30.357 Y1.343 Z6.234 F540
G1 X29.557 Y1.343 Z6.356 F540
G1 X28.357 Y1.343 Z6.432 F540
G1 X27.157 Y1.343 Z6.413 F540
G1 X25.157 Y1.343 Z6.163 F540
G1 X24.757 Y1.343 Z6.086 F540
G1 X23.957 Y1.343 Z5.883 F540
G1 X23.557 Y1.343 Z5.765 F540
G1 X22.757 Y1.343 Z5.469 F540
G1 X22.357 Y1.343 Z5.303 F540
G1 X21.557 Y1.343 Z4.902 F540
G1 X20.757 Y1.343 Z4.429 F540
G1 X20.357 Y1.343 Z4.162 F540
G1 X19.957 Y1.343 Z3.870 F540
G1 X19.557 Y1.343 Z3.548 F540
G1 X19.157 Y1.343 Z3.203 F540
G1 X18.757 Y1.343 Z2.776 F540
G1 X18.357 Y1.343 Z0.600 F540
G1 X17.957 Y1.343 Z0.600 F540
G1 X18.357 Y1.793 Z0.600 F540
G1 X18.757 Y1.793 Z2.882 F540
G1 X19.157 Y1.793 Z3.289 F540
G1 X19.957 Y1.793 Z3.930 F540
G1 X20.757 Y1.793 Z4.460 F540
G1 X21.557 Y1.793 Z4.912 F540
G1 X21.957 Y1.793 Z5.113 F540
G1 X22.757 Y1.793 Z5.442 F540
G1 X23.557 Y1.793 Z5.721 F540
G1 X24.357 Y1.793 Z5.927 F540
G1 X25.957 Y1.793 Z6.197 F540
G1 X26.357 Y1.793 Z6.279 F540
G1 X26.757 Y1.793 Z6.332 F540
G1 X27.157 Y1.793 Z6.365 F540
G1 X28.357 Y1.793 Z6.386 F540
G1 X29.157 Y1.793 Z6.317 F540
G1 X29.557 Y1.793 Z6.300 F540
G1 X30.357 Y1.793 Z6.201 F540
G1 X30.757 Y1.793 Z6.124 F540
G1 X31.557 Y1.793 Z5.894 F540
G1 X32.357 Y1.793 Z5.581 F540
G1 X33.957 Y1.793 Z4.879 F540
G1 X34.757 Y1.793 Z4.477 F540
G1 X35.557 Y1.793 Z4.021 F540
G1 X36.357 Y1.793 Z3.491 F540
G1 X36.757 Y1.793 Z3.198 F540
G1 X37.157 Y1.793 Z2.845 F540
G1 X37.557 Y1.793 Z0.600 F540
G1 X37.957 Y1.793 Z0.600 F540
G1 X37.557 Y2.243 Z0.600 F540
G1 X37.157 Y2.243 Z2.138 F540
G1 X36.757 Y2.243 Z2.895 F540
G1 X36.357 Y2.243 Z3.238 F540
G1 X35.557 Y2.243 Z3.791 F540
G1 X34.757 Y2.243 Z4.288 F540
G1 X33.157 Y2.243 Z5.195 F540
G1 X32.757 Y2.243 Z5.395 F540
G1 X31.957 Y2.243 Z5.737 F540
G1 X31.557 Y2.243 Z5.875 F540
G1 X30.757 Y2.243 Z6.074 F540
G1 X29.957 Y2.243 Z6.186 F540
G1 X29.157 Y2.243 Z6.241 F540
G1 X28.757 Y2.243 Z6.297 F540
G1 X28.357 Y2.243 Z6.323 F540
G1 X27.957 Y2.243 Z6.315 F540
G1 X27.557 Y2.243 Z6.286 F540
G1 X26.757 Y2.243 Z6.279 F540
G1 X26.357 Y2.243 Z6.230 F540
G1 X25.957 Y2.243 Z6.154 F540
G1 X25.157 Y2.243 Z5.962 F540
G1 X24.357 Y2.243 Z5.815 F540
G1 X23.157 Y2.243 Z5.510 F540
G1 X22.357 Y2.243 Z5.223 F540
G1 X21.557 Y2.243 Z4.867 F540
G1 X20.757 Y2.243 Z4.444 F540
G1 X20.357 Y2.243 Z4.200 F540
G1 X19.957 Y2.243 Z3.928 F540
G1 X19.557 Y2.243 Z3.631 F540
G1 X19.157 Y2.243 Z3.314 F540
G1 X18.757 Y2.243 Z2.918 F540
G1 X18.357 Y2.243 Z0.600 F540
G1 X18.357 Y2.693 Z0.600 F540
G1 X18.757 Y2.693 Z2.902 F540
G1 X19.157 Y2.693 Z3.297 F540
G1 X19.557 Y2.693 Z3.602 F540
G1 X19.957 Y2.693 Z3.877 F540
G1 X20.757 Y2.693 Z4.365 F540
G1 X21.157 Y2.693 Z4.589 F540
G1 X21.957 Y2.693 Z4.950 F540
G1 X22.757 Y2.693 Z5.251 F540
G1 X23.557 Y2.693 Z5.485 F540
G1 X24.757 Y2.693 Z5.758 F540
G1 X25.557 Y2.693 Z6.003 F540
G1 X25.957 Y2.693 Z6.100 F540
G1 X26.357 Y2.693 Z6.162 F540
G1 X26.757 Y2.693 Z6.200 F540
G1 X27.557 Y2.693 Z6.195 F540
G1 X27.957 Y2.693 Z6.233 F540
G1 X28.357 Y2.693 Z6.246 F540
G1 X28.757 Y2.693 Z6.228 F540
G1 X29.557 Y2.693 Z6.102 F540
G1 X30.357 Y2.693 Z6.043 F540
G1 X30.757 Y2.693 Z5.992 F540
G1 X31.157 Y2.693 Z5.919 F540
G1 X31.957 Y2.693 Z5.703 F540
G1 X32.357 Y2.693 Z5.554 F540
G1 X32.757 Y2.693 Z5.382 F540
G1 X33.157 Y2.693 Z5.187 F540
G1 X33.557 Y2.693 Z4.969 F540
G1 X34.357 Y2.693 Z4.464 F540
G1 X35.957 Y2.693 Z3.286 F540
G1 X36.357 Y2.693 Z2.942 F540
G1 X36.757 Y2.693 Z0.600 F540
G1 X37.557 Y2.693 Z0.600 F540
G1 X37.557 Y3.143 Z0.600 F540
G1 X36.757 Y3.143 Z0.600 F540
G1 X36.357 Y3.143 Z2.603 F540
G1 X35.957 Y3.143 Z3.150 F540
G1 X35.557 Y3.143 Z3.514 F540
G1 X34.757 Y3.143 Z4.169 F540
G1 X34.357 Y3.143 Z4.460 F540
G1 X33.557 Y3.143 Z4.954 F540
G1 X33.157 Y3.143 Z5.161 F540
G1 X32.757 Y3.143 Z5.341 F540
G1 X32.357 Y3.143 Z5.500 F540
G1 X31.557 Y3.143 Z5.733 F540
G1 X31.157 Y3.143 Z5.815 F540
G1 X30.357 Y3.143 Z5.910 F540
G1 X29.957 Y3.143 Z5.938 F540
G1 X29.157 Y3.143 Z6.090 F540
G1 X28.757 Y3.143 Z6.144 F540
G1 X28.357 Y3.143 Z6.158 F540
G1 X27.957 Y3.143 Z6.136 F540
G1 X27.557 Y3.143 Z6.089 F540
G1 X26.757 Y3.143 Z6.094 F540
G1 X26.357 Y3.143 Z6.075 F540
G1 X25.957 Y3.143 Z6.023 F540
G1 X25.557 Y3.143 Z5.937 F540
G1 X25.157 Y3.143 Z5.825 F540
G1 X24.357 Y3.143 Z5.529 F540
G1 X23.957 Y3.143 Z5.407 F540
G1 X22.757 Y3.143 Z5.081 F540
G1 X21.957 Y3.143 Z4.798 F540
G1 X21.157 Y3.143 Z4.449 F540
G1 X20.357 Y3.143 Z4.020 F540
G1 X19.957 Y3.143 Z3.779 F540
G1 X19.557 Y3.143 Z3.501 F540
G1 X19.157 Y3.143 Z3.202 F540
G1 X18.757 Y3.143 Z2.784 F540
G1 X18.357 Y3.143 Z0.600 F540
G1 X18.757 Y3.593 Z2.296 F540
G1 X19.157 Y3.593 Z3.037 F540
G1 X19.557 Y3.593 Z3.346 F540
G1 X19.957 Y3.593 Z3.605 F540
G1 X20.757 Y3.593 Z4.068 F540
G1 X21.557 Y3.593 Z4.432 F540
G1 X22.357 Y3.593 Z4.738 F540
G1 X23.557 Y3.593 Z5.110 F540
G1 X24.757 Y3.593 Z5.612 F540
G1 X25.157 Y3.593 Z5.750 F540
G1 X25.557 Y3.593 Z5.853 F540
G1 X25.957 Y3.593 Z5.920 F540
G1 X26.357 Y3.593 Z5.963 F540
G1 X27.157 Y3.593 Z5.951 F540
G1 X27.557 Y3.593 Z5.970 F540
G1 X27.957 Y3.593 Z6.023 F540
G1 X28.357 Y3.593 Z6.053 F540
G1 X28.757 Y3.593 Z6.044 F540
G1 X29.157 Y3.593 Z5.994 F540
G1 X29.957 Y3.593 Z5.807 F540
G1 X30.357 Y3.593 Z5.749 F540
G1 X31.157 Y3.593 Z5.672 F540
G1 X31.557 Y3.593 Z5.611 F540
G1 X31.957 Y3.593 Z5.518 F540
G1 X32.357 Y3.593 Z5.404 F540
G1 X32.757 Y3.593 Z5.265 F540
G1 X33.157 Y3.593 Z5.100 F540
G1 X33.557 Y3.593 Z4.905 F540
G1 X34.357 Y3.593 Z4.439 F540
G1 X34.757 Y3.593 Z4.157 F540
G1 X35.157 Y3.593 Z3.843 F540
G1 X35.557 Y3.593 Z3.504 F540
G1 X35.957 Y3.593 Z3.130 F540
G1 X36.357 Y3.593 Z2.477 F540
G1 X36.757 Y3.593 Z0.600 F540
G1 X37.157 Y3.593 Z0.600 F540
G1 X37.157 Y4.043 Z0.600 F540
G1 X36.757 Y4.043 Z0.600 F540
G1 X36.357 Y4.043 Z2.463 F540
G1 X35.957 Y4.043 Z3.121 F540
G1 X35.557 Y4.043 Z3.484 F540
G1 X35.157 Y4.043 Z3.818 F540
G1 X34.757 Y4.043 Z4.118 F540
G1 X34.357 Y4.043 Z4.378 F540
G1 X33.957 Y4.043 Z4.618 F540
G1 X33.557 Y4.043 Z4.822 F540
G1 X33.157 Y4.043 Z5.001 F540
G1 X32.757 Y4.043 Z5.149 F540
G1 X32.357 Y4.043 Z5.271 F540
G1 X31.957 Y4.043 Z5.373 F540
G1 X31.157 Y4.043 Z5.495 F540
G1 X30.357 Y4.043 Z5.581 F540
G1 X29.557 Y4.043 Z5.802 F540
G1 X29.157 Y4.043 Z5.882 F540
G1 X28.757 Y4.043 Z5.927 F540
G1 X28.357 Y4.043 Z5.932 F540
G1 X27.957 Y4.043 Z5.895 F540
G1 X27.157 Y4.043 Z5.796 F540
G1 X26.357 Y4.043 Z5.824 F540
G1 X25.957 Y4.043 Z5.797 F540
G1 X25.557 Y4.043 Z5.742 F540
G1 X25.157 Y4.043 Z5.648 F540
G1 X24.757 Y4.043 Z5.528 F540
G1 X24.357 Y4.043 Z5.367 F540
G1 X23.957 Y4.043 Z5.182 F540
G1 X23.157 Y4.043 Z4.780 F540
G1 X21.557 Y4.043 Z4.181 F540
G1 X20.757 Y4.043 Z3.827 F540
G1 X19.957 Y4.043 Z3.390 F540
G1 X19.557 Y4.043 Z3.130 F540
G1 X19.157 Y4.043 Z2.687 F540
G1 X18.757 Y4.043 Z0.600 F540
G1 X19.157 Y4.493 Z0.600 F540
G1 X19.557 Y4.493 Z2.662 F540
G1 X19.957 Y4.493 Z3.080 F540
G1 X20.357 Y4.493 Z3.318 F540
G1 X21.157 Y4.493 Z3.709 F540
G1 X22.357 Y4.493 Z4.215 F540
G1 X22.757 Y4.493 Z4.414 F540
G1 X23.557 Y4.493 Z4.877 F540
G1 X23.957 Y4.493 Z5.093 F540
G1 X24.357 Y4.493 Z5.268 F540
G1 X24.757 Y4.493 Z5.419 F540
G1 X25.157 Y4.493 Z5.528 F540
G1 X25.557 Y4.493 Z5.605 F540
G1 X25.957 Y4.493 Z5.652 F540
G1 X26.357 Y4.493 Z5.659 F540
G1 X27.157 Y4.493 Z5.628 F540
G1 X27.957 Y4.493 Z5.753 F540
G1 X28.357 Y4.493 Z5.795 F540
G1 X28.757 Y4.493 Z5.795 F540
G1 X29.157 Y4.493 Z5.753 F540
G1 X29.557 Y4.493 Z5.678 F540
G1 X29.957 Y4.493 Z5.566 F540
G1 X30.357 Y4.493 Z5.429 F540
G1 X30.757 Y4.493 Z5.331 F540
G1 X31.557 Y4.493 Z5.244 F540
G1 X32.357 Y4.493 Z5.103 F540
G1 X32.757 Y4.493 Z4.993 F540
G1 X33.157 Y4.493 Z4.859 F540
G1 X33.557 Y4.493 Z4.696 F540
G1 X33.957 Y4.493 Z4.512 F540
G1 X34.357 Y4.493 Z4.293 F540
G1 X34.757 Y4.493 Z4.039 F540
G1 X35.157 Y4.493 Z3.757 F540
G1 X35.557 Y4.493 Z3.441 F540
G1 X35.957 Y4.493 Z3.088 F540
G1 X36.357 Y4.493 Z2.423 F540
G1 X36.757 Y4.493 Z0.600 F540
G1 X36.757 Y4.943 Z0.600 F540
G1 X36.357 Y4.943 Z2.192 F540
G1 X35.957 Y4.943 Z2.997 F540
G1 X35.557 Y4.943 Z3.355 F540
G1 X35.157 Y4.943 Z3.664 F540
G1 X34.357 Y4.943 Z4.165 F540
G1 X33.557 Y4.943 Z4.534 F540
G1 X33.157 Y4.943 Z4.680 F540
G1 X32.757 Y4.943 Z4.798 F540
G1 X32.357 Y4.943 Z4.888 F540
G1 X31.557 Y4.943 Z5.011 F540
G1 X31.157 Y4.943 Z5.056 F540
G1 X30.757 Y4.943 Z5.136 F540
G1 X29.957 Y4.943 Z5.430 F540
G1 X29.557 Y4.943 Z5.541 F540
G1 X29.157 Y4.943 Z5.609 F540
G1 X28.757 Y4.943 Z5.645 F540
G1 X28.357 Y4.943 Z5.641 F540
G1 X27.957 Y4.943 Z5.594 F540
G1 X27.157 Y4.943 Z5.441 F540
G1 X25.957 Y4.943 Z5.478 F540
G1 X25.557 Y4.943 Z5.443 F540
G1 X25.157 Y4.943 Z5.382 F540
G1 X24.757 Y4.943 Z5.282 F540
G1 X24.357 Y4.943 Z5.151 F540
G1 X23.957 Y4.943 Z4.982 F540
G1 X23.557 Y4.943 Z4.774 F540
G1 X22.757 Y4.943 Z4.277 F540
G1 X22.357 Y4.943 Z4.008 F540
G1 X21.957 Y4.943 Z3.764 F540
G1 X20.757 Y4.943 Z3.178 F540
G1 X20.357 Y4.943 Z2.963 F540
G1 X19.957 Y4.943 Z2.514 F540
G1 X19.557 Y4.943 Z0.600 F540
G1 X19.157 Y4.943 Z0.600 F540
G1 X19.557 Y5.393 Z0.600 F540
G1 X20.357 Y5.393 Z0.600 F540
G1 X20.757 Y5.393 Z2.704 F540
G1 X21.157 Y5.393 Z3.001 F540
G1 X21.557 Y5.393 Z3.262 F540
G1 X22.757 Y5.393 Z4.154 F540
G1 X23.157 Y5.393 Z4.417 F540
G1 X23.557 Y5.393 Z4.652 F540
G1 X23.957 Y5.393 Z4.845 F540
G1 X24.357 Y5.393 Z5.009 F540
G1 X24.757 Y5.393 Z5.121 F540
G1 X25.157 Y5.393 Z5.209 F540
G1 X25.557 Y5.393 Z5.262 F540
G1 X25.957 Y5.393 Z5.272 F540
G1 X26.357 Y5.393 Z5.261 F540
G1 X26.757 Y5.393 Z5.229 F540
G1 X27.157 Y5.393 Z5.241 F540
G1 X27.957 Y5.393 Z5.418 F540
G1 X28.357 Y5.393 Z5.468 F540
G1 X28.757 Y5.393 Z5.476 F540
G1 X29.157 Y5.393 Z5.452 F540
G1 X29.557 Y5.393 Z5.384 F540
G1 X29.957 Y5.393 Z5.275 F540
G1 X30.357 Y5.393 Z5.131 F540
G1 X30.757 Y5.393 Z4.959 F540
G1 X31.157 Y5.393 Z4.816 F540
G1 X32.357 Y5.393 Z4.638 F540
G1 X32.757 Y5.393 Z4.558 F540
G1 X33.557 Y5.393 Z4.328 F540
G1 X33.957 Y5.393 Z4.169 F540
G1 X34.757 Y5.393 Z3.769 F540
G1 X35.157 Y5.393 Z3.514 F540
G1 X35.557 Y5.393 Z3.230 F540
G1 X35.957 Y5.393 Z2.797 F540
G1 X36.357 Y5.393 Z0.600 F540
G1 X35.957 Y5.843 Z2.482 F540
G1 X35.557 Y5.843 Z3.029 F540
G1 X35.157 Y5.843 Z3.320 F540
G1 X34.757 Y5.843 Z3.556 F540
G1 X34.357 Y5.843 Z3.760 F540
G1 X33.957 Y5.843 Z3.932 F540
G1 X33.157 Y5.843 Z4.188 F540
G1 X32.757 Y5.843 Z4.281 F540
G1 X31.557 Y5.843 Z4.461 F540
G1 X31.157 Y5.843 Z4.593 F540
G1 X30.357 Y5.843 Z4.961 F540
G1 X29.957 Y5.843 Z5.107 F540
G1 X29.557 Y5.843 Z5.210 F540
G1 X29.157 Y5.843 Z5.273 F540
G1 X28.757 Y5.843 Z5.293 F540
G1 X28.357 Y5.843 Z5.277 F540
G1 X27.957 Y5.843 Z5.220 F540
G1 X27.157 Y5.843 Z5.022 F540
G1 X26.757 Y5.843 Z4.987 F540
G1 X25.957 Y5.843 Z5.045 F540
G1 X25.557 Y5.843 Z5.046 F540
G1 X25.157 Y5.843 Z5.007 F540
G1 X24.757 Y5.843 Z4.943 F540
G1 X24.357 Y5.843 Z4.833 F540
G1 X23.957 Y5.843 Z4.688 F540
G1 X23.557 Y5.843 Z4.508 F540
G1 X23.157 Y5.843 Z4.277 F540
G1 X22.757 Y5.843 Z4.023 F540
G1 X22.357 Y5.843 Z3.723 F540
G1 X21.957 Y5.843 Z3.393 F540
G1 X21.557 Y5.843 Z3.042 F540
G1 X21.157 Y5.843 Z2.515 F540
G1 X20.757 Y5.843 Z0.600 F540
G1 X19.957 Y5.843 Z0.600 F540
G1 X20.357 Y6.293 Z0.600 F540
G1 X21.157 Y6.293 Z0.600 F540
G1 X21.557 Y6.293 Z2.823 F540
G1 X21.957 Y6.293 Z3.246 F540
G1 X22.357 Y6.293 Z3.579 F540
G1 X22.757 Y6.293 Z3.872 F540
G1 X23.157 Y6.293 Z4.126 F540
G1 X23.557 Y6.293 Z4.337 F540
G1 X23.957 Y6.293 Z4.501 F540
G1 X24.357 Y6.293 Z4.628 F540
G1 X24.757 Y6.293 Z4.726 F540
G1 X25.157 Y6.293 Z4.784 F540
G1 X25.557 Y6.293 Z4.800 F540
G1 X25.957 Y6.293 Z4.792 F540
G1 X26.757 Y6.293 Z4.725 F540
G1 X27.157 Y6.293 Z4.785 F540
G1 X27.957 Y6.293 Z5.003 F540
G1 X28.357 Y6.293 Z5.064 F540
G1 X28.757 Y6.293 Z5.093 F540
G1 X29.157 Y6.293 Z5.074 F540
G1 X29.557 Y6.293 Z5.021 F540
G1 X29.957 Y6.293 Z4.914 F540
G1 X30.357 Y6.293 Z4.777 F540
G1 X31.557 Y6.293 Z4.194 F540
G1 X31.957 Y6.293 Z4.080 F540
G1 X33.157 Y6.293 Z3.878 F540
G1 X33.557 Y6.293 Z3.775 F540
G1 X33.957 Y6.293 Z3.642 F540
G1 X34.357 Y6.293 Z3.488 F540
G1 X34.757 Y6.293 Z3.305 F540
G1 X35.157 Y6.293 Z3.057 F540
G1 X35.557 Y6.293 Z2.594 F540
G1 X35.957 Y6.293 Z0.600 F540
G1 X35.557 Y6.743 Z0.600 F540
G1 X35.157 Y6.743 Z2.474 F540
G1 X34.757 Y6.743 Z2.960 F540
G1 X34.357 Y6.743 Z3.164 F540
G1 X33.957 Y6.743 Z3.312 F540
G1 X33.557 Y6.743 Z3.426 F540
G1 X32.357 Y6.743 Z3.653 F540
G1 X31.957 Y6.743 Z3.746 F540
G1 X31.557 Y6.743 Z3.942 F540
G1 X30.757 Y6.743 Z4.388 F540
G1 X30.357 Y6.743 Z4.570 F540
G1 X29.957 Y6.743 Z4.708 F540
G1 X29.557 Y6.743 Z4.808 F540
G1 X29.157 Y6.743 Z4.860 F540
G1 X28.757 Y6.743 Z4.868 F540
G1 X28.357 Y6.743 Z4.834 F540
G1 X27.957 Y6.743 Z4.766 F540
G1 X27.157 Y6.743 Z4.529 F540
G1 X26.757 Y6.743 Z4.444 F540
G1 X26.357 Y6.743 Z4.461 F540
G1 X25.557 Y6.743 Z4.528 F540
G1 X25.157 Y6.743 Z4.524 F540
G1 X24.757 Y6.743 Z4.481 F540
G1 X24.357 Y6.743 Z4.403 F540
G1 X23.957 Y6.743 Z4.289 F540
G1 X23.557 Y6.743 Z4.130 F540
G1 X23.157 Y6.743 Z3.933 F540
G1 X22.757 Y6.743 Z3.688 F540
G1 X22.357 Y6.743 Z3.408 F540
G1 X21.957 Y6.743 Z3.074 F540
G1 X21.557 Y6.743 Z2.417 F540
G1 X21.157 Y6.743 Z0.600 F540
G1 X20.757 Y6.743 Z0.600 F540
G1 X21.157 Y7.193 Z0.600 F540
G1 X21.557 Y7.193 Z0.600 F540
G1 X21.957 Y7.193 Z2.779 F540
G1 X22.357 Y7.193 Z3.213 F540
G1 X22.757 Y7.193 Z3.478 F540
G1 X23.157 Y7.193 Z3.715 F540
G1 X23.557 Y7.193 Z3.893 F540
G1 X23.957 Y7.193 Z4.034 F540
G1 X24.357 Y7.193 Z4.142 F540
G1 X24.757 Y7.193 Z4.206 F540
G1 X25.157 Y7.193 Z4.232 F540
G1 X25.557 Y7.193 Z4.221 F540
G1 X26.357 Y7.193 Z4.140 F540
G1 X26.757 Y7.193 Z4.141 F540
G1 X27.157 Y7.193 Z4.253 F540
G1 X27.957 Y7.193 Z4.508 F540
G1 X28.357 Y7.193 Z4.586 F540
G1 X28.757 Y7.193 Z4.624 F540
G1 X29.157 Y7.193 Z4.626 F540
G1 X29.557 Y7.193 Z4.571 F540
G1 X29.957 Y7.193 Z4.478 F540
G1 X30.357 Y7.193 Z4.347 F540
G1 X30.757 Y7.193 Z4.162 F540
G1 X31.157 Y7.193 Z3.943 F540
G1 X31.957 Y7.193 Z3.440 F540
G1 X32.357 Y7.193 Z3.270 F540
G1 X32.757 Y7.193 Z3.176 F540
G1 X33.157 Y7.193 Z3.103 F540
G1 X33.957 Y7.193 Z2.871 F540
G1 X34.357 Y7.193 Z2.607 F540
G1 X34.757 Y7.193 Z0.600 F540
G1 X35.157 Y7.193 Z0.600 F540
G1 X34.357 Y7.643 Z0.600 F540
G1 X33.557 Y7.643 Z0.600 F540
G1 X33.157 Y7.643 Z2.396 F540
G1 X32.757 Y7.643 Z2.497 F540
G1 X32.357 Y7.643 Z2.846 F540
G1 X31.957 Y7.643 Z3.148 F540
G1 X31.157 Y7.643 Z3.693 F540
G1 X30.757 Y7.643 Z3.914 F540
G1 X30.357 Y7.643 Z4.105 F540
G1 X29.957 Y7.643 Z4.229 F540
G1 X29.557 Y7.643 Z4.316 F540
G1 X29.157 Y7.643 Z4.365 F540
G1 X28.757 Y7.643 Z4.359 F540
G1 X28.357 Y7.643 Z4.313 F540
G1 X27.957 Y7.643 Z4.224 F540
G1 X27.557 Y7.643 Z4.098 F540
G1 X26.757 Y7.643 Z3.817 F540
G1 X26.357 Y7.643 Z3.787 F540
G1 X25.557 Y7.643 Z3.886 F540
G1 X25.157 Y7.643 Z3.906 F540
G1 X24.757 Y7.643 Z3.896 F540
G1 X24.357 Y7.643 Z3.848 F540
G1 X23.957 Y7.643 Z3.755 F540
G1 X23.557 Y7.643 Z3.631 F540
G1 X23.157 Y7.643 Z3.454 F540
G1 X22.757 Y7.643 Z3.248 F540
G1 X22.357 Y7.643 Z2.923 F540
G1 X21.957 Y7.643 Z2.147 F540
G1 X21.557 Y7.643 Z0.600 F540
G1 X21.957 Y8.093 Z0.600 F540
G1 X22.357 Y8.093 Z0.600 F540
G1 X22.757 Y8.093 Z2.888 F540
G1 X23.157 Y8.093 Z3.159 F540
G1 X23.557 Y8.093 Z3.322 F540
G1 X23.957 Y8.093 Z3.443 F540
G1 X24.357 Y8.093 Z3.515 F540
G1 X24.757 Y8.093 Z3.552 F540
G1 X25.157 Y8.093 Z3.540 F540
G1 X26.357 Y8.093 Z3.409 F540
G1 X26.757 Y8.093 Z3.466 F540
G1 X27.557 Y8.093 Z3.783 F540
G1 X27.957 Y8.093 Z3.916 F540
G1 X28.357 Y8.093 Z4.017 F540
G1 X28.757 Y8.093 Z4.072 F540
G1 X29.157 Y8.093 Z4.078 F540
G1 X29.557 Y8.093 Z4.037 F540
G1 X29.957 Y8.093 Z3.961 F540
G1 X30.357 Y8.093 Z3.829 F540
G1 X30.757 Y8.093 Z3.647 F540
G1 X31.157 Y8.093 Z3.426 F540
G1 X31.557 Y8.093 Z3.149 F540
G1 X31.957 Y8.093 Z2.804 F540
G1 X32.357 Y8.093 Z0.600 F540
G1 X33.957 Y8.093 Z0.600 F540
G1 X33.157 Y8.543 Z0.600 F540
G1 X31.957 Y8.543 Z0.600 F540
G1 X31.557 Y8.543 Z2.779 F540
G1 X31.157 Y8.543 Z3.131 F540
G1 X30.757 Y8.543 Z3.356 F540
G1 X30.357 Y8.543 Z3.532 F540
G1 X29.957 Y8.543 Z3.671 F540
G1 X29.557 Y8.543 Z3.736 F540
G1 X29.157 Y8.543 Z3.769 F540
G1 X28.757 Y8.543 Z3.758 F540
G1 X28.357 Y8.543 Z3.692 F540
G1 X27.957 Y8.543 Z3.582 F540
G1 X27.557 Y8.543 Z3.439 F540
G1 X26.757 Y8.543 Z3.085 F540
G1 X26.357 Y8.543 Z2.985 F540
G1 X25.957 Y8.543 Z3.022 F540
G1 X25.157 Y8.543 Z3.141 F540
G1 X24.757 Y8.543 Z3.162 F540
G1 X24.357 Y8.543 Z3.143 F540
G1 X23.957 Y8.543 Z3.051 F540
G1 X23.557 Y8.543 Z2.932 F540
G1 X23.157 Y8.543 Z2.708 F540
G1 X22.757 Y8.543 Z0.600 F540
G1 X23.557 Y8.993 Z0.600 F540
G1 X23.957 Y8.993 Z2.302 F540
G1 X24.357 Y8.993 Z2.534 F540
G1 X24.757 Y8.993 Z2.551 F540
G1 X25.157 Y8.993 Z2.531 F540
G1 X25.557 Y8.993 Z2.268 F540
G1 X25.957 Y8.993 Z0.600 F540
G1 X26.357 Y8.993 Z0.600 F540
G1 X26.757 Y8.993 Z2.344 F540
G1 X27.157 Y8.993 Z2.802 F540
G1 X27.557 Y8.993 Z3.064 F540
G1 X27.957 Y8.993 Z3.222 F540
G1 X28.357 Y8.993 Z3.340 F540
G1 X28.757 Y8.993 Z3.418 F540
G1 X29.157 Y8.993 Z3.437 F540
G1 X29.557 Y8.993 Z3.407 F540
G1 X29.957 Y8.993 Z3.339 F540
G1 X30.357 Y8.993 Z3.212 F540
G1 X30.757 Y8.993 Z3.010 F540
G1 X31.157 Y8.993 Z2.695 F540
G1 X31.557 Y8.993 Z0.600 F540
G1 X32.757 Y8.993 Z0.600 F540
G1 X31.557 Y9.443 Z0.600 F540
G1 X30.757 Y9.443 Z0.600 F540
G1 X30.357 Y9.443 Z2.713 F540
G1 X29.957 Y9.443 Z2.932 F540
G1 X29.557 Y9.443 Z3.049 F540
G1 X29.157 Y9.443 Z3.070 F540
G1 X28.757 Y9.443 Z3.044 F540
G1 X28.357 Y9.443 Z2.937 F540
G1 X27.957 Y9.443 Z2.729 F540
G1 X27.557 Y9.443 Z2.080 F540
G1 X27.157 Y9.443 Z0.600 F540
G1 X24.357 Y9.443 Z0.600 F540
G1 X25.957 Y9.893 Z0.600 F540
G1 X28.357 Y9.893 Z0.600 F540
G1 X28.757 Y9.893 Z2.181 F540
G1 X29.157 Y9.893 Z2.207 F540
G1 X29.557 Y9.893 Z2.179 F540
G1 X29.957 Y9.893 Z0.600 F540
G1 X30.357 Y9.893 Z0.600 F540
G0 Z12.000
G0 X0 Y0 Z15
M621
M5
M6 T0
G0 X0 Y0 Z40
M114
